frame,tid,numPts,bboxDiag,meanSNR,medianSNR,snrQ1,snrQ3range,snrNorm,dopplerStd,trackSpeed,label
110,0,5,0.114267490804195,15.72,13.7,12.075,20.45,1.06792037899595,15.919486730516,0.247052818536758,0.931262913237725,Pessoa
112,0,8,0.214130431413651,20.3125,21.95,15.7,25.1,1.14253529657794,20.7170086836283,0.305648595094681,1.06575654177893,Pessoa
112,1,4,0.217525765299797,13.8,13.65,11.8,15.8,1.22236803004819,14.4095418597239,0.147642284631729,0.710289410558968,Pessoa
113,0,3,0.00224018096923828,24.0333333333333,26.1,20.925,26.625,1.13020562563831,24.4049040114699,0.295284569263458,0.980901347212228,Pessoa
114,2,6,0.173614963889122,16.75,15.35,14.7,20.1,1.13748729932156,17.1410664279551,0.345201045274734,0.829964644438972,Pessoa
115,2,3,0.146884754300117,17.3,18.3,13.875,20.475,1.19857462098697,17.8498688921702,0,0.688893455990827,Pessoa
116,2,13,0.299887359142303,23.9,22.1,18.95,30.325,1.24664494350139,24.5692420310398,0.322429656982422,0.517283975318665,Pessoa
117,2,10,0.486215204000473,26.99,28.45,23.9,30.6,1.28261409467276,27.7455910964685,0.693202972412109,0.461403250642318,Pessoa
117,3,5,0.751123487949371,21.64,22.9,16.875,27.05,1.14838452715704,22.0600104532342,0.361648291349411,0.844957073027522,Pessoa
118,2,13,0.382505714893341,25.5,25.9,20.75,29,1.31408708228801,26.3291827814126,0.414909958839417,0.383272292420668,Pessoa
118,3,5,0.4842669069767,25.16,24.1,17.95,33.725,1.21612525503259,25.7539983692588,0.417595446109772,0.663875357779534,Pessoa
119,2,19,0.554857432842255,31.1631578947368,31.1,27.4,38.7,1.33408164816659,32.0381829405505,0.494724422693253,0.381372449802412,Pessoa
119,3,8,0.595973610877991,23.825,22.8,19.8,29.7,1.2426525889983,24.4845046056246,0.35293260216713,0.433173685346514,Pessoa
120,2,24,0.851049542427063,25.625,26.4,23.2,28.4,1.34493567822435,26.5246235872514,0.468237280845642,0.363027188031588,Pessoa
120,3,6,0.388327479362488,25.5166666666667,27.55,26.2,28.2,1.2782556250428,26.2619244773385,0.222282141447067,0.403653463084043,Pessoa
121,2,22,0.406278192996979,28.4409090909091,29.6,24,31.6,1.37027576029212,29.3971968380777,0.397212564945221,0.437937033999233,Pessoa
121,3,5,0.28385654091835,18.66,22.1,13.85,22.55,1.30596488256358,19.4703611773383,0.485202074050903,0.323412916915921,Pessoa
122,2,20,0.604594528675079,26.715,27.35,21.2,32.1,1.41174925522044,27.7618053953813,0.350696414709091,0.457106142959195,Pessoa
123,2,26,0.462565571069717,31.9538461538462,32,26.6,38.1,1.44034281266366,33.0615225839152,0.438436955213547,0.520857615032951,Pessoa
123,3,7,0.242257624864578,21.4857142857143,19.5,18.125,25,1.50306657744948,22.7227920283561,0.446428328752518,0.895906292085663,Pessoa
124,2,16,0.51299375295639,24.16875,23.35,18.25,30.1,1.49407891697943,25.3876210267166,0.294668734073639,0.69047075939394,Pessoa
124,3,12,0.435726493597031,31.2333333333333,32.65,27.05,37.15,1.51453814607167,32.4934920446379,0.154207363724709,0.692555717459361,Pessoa
125,2,15,0.581901013851166,24.6933333333333,23.3,20.3,29.55,1.53191954046166,25.9881326648208,0.466441065073013,0.732571263011961,Pessoa
125,3,15,0.644389629364014,26.0933333333333,28.8,22.525,31.6,1.51359811844592,27.351607281847,0.350571811199188,0.754484138116334,Pessoa
126,2,21,0.636459052562714,23.8809523809524,24.9,21.125,27.75,1.5234093307418,25.158840493794,0.367343902587891,0.580215933207206,Pessoa
126,3,12,0.689108610153198,23.2083333333333,24.6,18.4,28.25,1.54826960107887,24.5353609756284,0.526718378067017,0.782552857861428,Pessoa
127,2,23,0.600283622741699,26.5521739130435,27.1,20.6,33.925,1.5381343323298,27.859263832746,0.328961700201035,0.586305159889113,Pessoa
127,3,12,0.468288123607635,21.4666666666667,22.05,19.4,25.05,1.54251272389007,22.7823856650359,0.567758619785309,0.501449294506383,Pessoa
128,2,12,0.568015098571777,20.35,20.6,16.7,24.65,1.55920593320752,21.6983953162716,0.51658821105957,0.526984929898748,Pessoa
128,3,20,0.564063370227814,27.335,28.25,25.35,30.55,1.51578491078952,28.5976566805128,0.431379467248917,0.574065845474431,Pessoa
129,2,19,0.557916402816772,23.7736842105263,24.7,17.975,29.95,1.57562200357252,25.1538739498902,0.302955597639084,0.577851511699503,Pessoa
129,3,16,0.660460710525513,20.11875,21.2,17.1,23.05,1.49216840044009,21.3337366926738,0.526843786239624,0.636413025499142,Pessoa
130,2,13,0.404363602399826,21.8461538461539,20.1,14.65,29.65,1.59065721675606,23.2551742815029,0.513628959655762,0.496234168197675,Pessoa
130,3,25,0.723045110702515,22.42,24.6,16.025,27.675,1.49242837647306,23.6355155507375,0.360843747854233,0.938798530240118,Pessoa
131,2,14,0.562433123588562,20.6857142857143,22.3,18.3,23.7,1.6135163110335,22.1380500724236,0.374021470546722,0.614490930810734,Pessoa
131,3,16,0.684973120689392,20.4625,20.3,17.45,23.5,1.52306007978739,21.739692075941,0.431290745735168,1.10199666504178,Pessoa
132,2,12,0.427474230527878,20.0166666666667,20.6,15.05,24.75,1.65197166797982,21.5405048037053,0.294163972139359,0.454611008111976,Pessoa
132,3,8,0.299662530422211,21.4875,21,20.15,24,1.55921692380508,22.8359167144983,0.208797723054886,1.37353936171852,Pessoa
133,2,23,0.516161024570465,22.2217391304348,21.3,15.325,29.775,1.6364862357676,23.7169865049961,0.290578544139862,0.665096667451749,Pessoa
134,2,14,0.447627127170563,21.3214285714286,21.85,17.8,25.6,1.61748706814351,22.7812258833596,0.46995422244072,0.824455650918047,Pessoa
134,3,7,0.419574528932571,19.7571428571429,21.1,14.775,23.8,1.55261458744763,21.0926778560638,0.232328668236732,0.662523512197204,Pessoa
135,2,25,0.647766947746277,20.04,19.7,16.925,23.7,1.5975484717523,21.4621437682899,0.43531534075737,0.99006080238256,Pessoa
136,2,16,0.366831958293915,16.00625,15.8,14.7,17.5,1.58058052019902,17.3959782100874,0.313776075839996,0.82636403172232,Pessoa
136,3,5,0.157248184084892,16.38,17.2,14.3,17.775,1.47032925677871,17.5502280467251,0.161734029650688,0.697955321504859,Pessoa
137,2,15,0.611569285392761,14.1133333333333,13.9,11.9,15.3,1.58551256493529,15.5125194530932,0.311701625585556,0.562731731570812,Pessoa
138,2,20,0.561778664588928,16.115,15.5,13.35,18.65,1.60060728645305,17.5429506793286,0.372278124094009,0.551593409287797,Pessoa
139,2,23,0.52021849155426,20.1913043478261,19.9,15.425,25.05,1.62153555915059,21.6586904212893,0.328961700201035,0.454819484602649,Pessoa
140,2,16,0.521369934082031,22.35,20.65,18.85,27.45,1.64864446161437,23.8677177857443,0.482197701931,0.553712440094543,Pessoa
141,2,10,0.414228945970535,15.75,14.9,12.4,18.5,1.68749557988749,17.33842608116,0.346601456403732,0.531727056894817,Pessoa
142,2,9,0.158057108521461,17.5444444444444,17.2,15.825,19.525,1.70460594207967,19.1634961905677,0.25572395324707,0.469819300059577,Pessoa
143,2,11,0.266262799501419,23.2727272727273,25.5,19.3,28.725,1.71394477278191,24.9083650714512,0.24544332921505,0.468471104410864,Pessoa
144,2,15,0.272127389907837,21.16,20.7,15.4,27.4,1.71906813809797,22.8046987061287,0.332331866025925,0.497441394261633,Pessoa
145,2,14,0.396651953458786,18.7928571428571,17.15,15.9,23.3,1.75220142014467,20.49550949851,0.420453816652298,0.447970684509378,Pessoa
146,2,11,0.610572457313538,19.6545454545455,18.7,17.275,21.675,1.79047205938895,21.4227886162115,0.349385440349579,0.443081229617669,Pessoa
147,2,9,0.374321311712265,22.1888888888889,22.1,18.85,25.1,1.81953266505003,24.006008286786,0.330138206481934,0.443436200489822,Pessoa
148,2,12,0.242193639278412,23.3333333333333,25.1,20.7,25.7,1.84872981039492,25.1987787082108,0.336087107658386,0.434281499267554,Pessoa
149,2,3,0.10820609331131,18.2,19.2,16.275,19.875,1.87785915326841,20.1129044774945,0.511447906494141,0.416055041491189,Pessoa
151,2,5,0.0713291093707085,13.6,12.2,12,15.4,1.90044079260704,15.5491918638417,0.247052818536758,0.436911488274548,Pessoa
154,2,5,0.23580177128315,12.6,11.7,11.075,14,1.98110115663755,14.6753774942258,0.247052803635597,0.0200983728228167,Pessoa
156,2,11,0.276529669761658,21.0545454545455,22.5,17.25,25.1,1.88193379781519,22.9740298041466,0.245443344116211,0.446603972799855,Pessoa
157,2,9,0.249394163489342,22.7888888888889,22.6,21.075,24.925,1.85145761400667,24.6588101695754,0.25572395324707,0.454546158140157,Pessoa
158,2,13,0.346604943275452,22.0769230769231,22.7,20.175,24.625,1.83283687091489,23.9161585291546,0.254628777503967,0.493905621226051,Pessoa
159,2,17,0.385271370410919,23.6294117647059,25.4,21.125,27.25,1.80377647938281,25.4201289745553,0.273882538080215,0.52855905533053,Pessoa
160,2,13,0.399362742900848,19.9615384615385,20.2,17.875,22.15,1.76440463065635,21.6852598020049,0.241098865866661,0.774956181727884,Pessoa
161,2,16,0.372860759496689,23.14375,24.15,19.4,27,1.74603620402148,24.8357021793992,0.321213901042938,0.433007160760082,Pessoa
162,2,21,0.743557095527649,21.7142857142857,21.9,18.55,25.425,1.71502960778774,23.3518443519331,0.372395426034927,0.483793009123666,Pessoa
163,2,21,0.438612729310989,23.5047619047619,25.5,19.25,28.475,1.68243981695913,25.0840792746861,0.379026144742966,0.42661857991662,Pessoa
164,2,19,0.568323075771332,24.1421052631579,25.1,20.575,29.8,1.65311901772337,25.6680510766457,0.320140600204468,0.472983896303171,Pessoa
165,2,23,0.422573566436768,21.5782608695652,21.6,17.1,26.65,1.63461096291838,23.0700275765556,0.295284628868103,0.526227173962448,Pessoa
166,2,21,0.511660039424896,23.0428571428571,24.3,19.1,26.975,1.60093147587321,24.4714226189279,0.311701595783234,0.661159075769931,Pessoa
167,2,32,0.696552991867065,23.0875,24.05,20.75,27.9,1.6063913145693,24.5264009178329,0.450697183609009,0.795668146590959,Pessoa
168,2,16,0.265646159648895,24.5,25.85,22.05,27.65,1.57525915675012,25.8794905693639,0.241098880767822,0.785279671973064,Pessoa
169,2,24,0.818327367305756,21.1333333333333,19.8,15,27.05,1.52805157886091,22.4204580508403,0.394047021865845,0.709651005363378,Pessoa
170,2,28,0.641688942909241,20.0535714285714,18.3,16.1,25.3,1.5021628785897,21.2888234368357,0.404548943042755,0.668525770076317,Pessoa
171,2,26,0.56574022769928,17.2307692307692,17.2,14.3,20,1.48528544713747,18.4317206124203,0.374226361513138,0.846706500860778,Pessoa
172,2,18,0.471752673387527,16.5055555555556,16.35,15,18.3,1.48697000703711,17.7099479941128,0.308036535978317,0.984190662154781,Pessoa
173,2,25,0.823377132415771,14.96,14.6,12.5,17.325,1.51681040701651,16.2247097852545,0.30734196305275,1.08260948600891,Pessoa
174,2,28,0.624653875827789,18.7321428571429,18.05,13.2,23.85,1.51606429469281,19.995359018559,0.354725390672684,0.884639478206168,Pessoa
175,2,31,0.674843013286591,22.8709677419355,21.4,17.875,27.225,1.51101148024259,24.1240494122924,0.388519048690796,0.828841456016184,Pessoa
176,2,26,0.605313181877136,23.4269230769231,22.4,16.5,29.8,1.53219839640053,24.7222749511861,0.318663328886032,0.73003298146768,Pessoa
177,2,27,0.662171363830566,22.4333333333333,21.9,18.225,27.425,1.56765019738312,23.798124972058,0.356981694698334,0.737979683785456,Pessoa
178,2,27,0.51850414276123,26.4518518518518,27,20.05,31.6,1.59268292886373,27.8647358343714,0.345668464899063,0.772362457019683,Pessoa
179,2,29,0.626873433589935,23.0206896551724,20.5,17.225,29.775,1.62085210776078,24.4867959519878,0.450737148523331,0.874994752414509,Pessoa
180,2,23,0.564865589141846,26.0608695652174,27.1,19.875,31.55,1.64681868251,27.5752236041388,0.290578544139862,0.800945587122506,Pessoa
181,2,22,0.748256683349609,20.6954545454545,20.4,16.8,25,1.66897629881679,22.2503812288188,0.300981938838959,0.852240966023169,Pessoa
182,2,30,0.688873052597046,23.4433333333333,25.9,19.3,28.1,1.69449989556926,25.0443337427264,0.383046686649323,0.770374160809578,Pessoa
183,2,33,0.776637256145477,23.6212121212121,23.5,19.25,28.3,1.73748645273285,25.2982628963612,0.437298655509949,0.699840366069662,Pessoa
184,2,33,1.16471111774445,21.9818181818182,22.3,17.4,26.65,1.78402296542994,23.7391072621468,0.437487423419952,0.806164460968094,Pessoa
185,2,32,1.05887472629547,21.7625,22.1,16.15,27.6,1.83129513356819,23.5991808058673,0.54084974527359,0.83961933355494,Pessoa
186,2,22,1.04599547386169,22.7318181818182,22.1,18.5,27.6,1.8652005683295,24.6241897002158,0.348898947238922,0.891147059671801,Pessoa
187,2,32,1.06565976142883,22.11875,20.8,15.75,29.35,1.87879507283712,24.0331670938654,0.430855721235275,0.796680491196828,Pessoa
188,2,28,0.763218462467194,21.75,19.5,16.75,28.9,1.88635327345049,23.6766049800245,0.367657750844955,0.687150746961699,Pessoa
189,2,30,0.939408838748932,21.05,20.3,16.1,25.6,1.90074543700327,22.9996784564757,0.424734354019165,0.546291246854368,Pessoa
190,2,30,0.980673909187317,21.3833333333333,20.1,14.8,29,1.95340797682668,23.4159761016928,0.328388005495071,0.450342319119634,Pessoa
191,2,26,0.949361145496368,22.4153846153846,23.35,15.6,28.4,1.98969953047695,24.5039092226356,0.356605738401413,0.30756409574463,Pessoa
192,2,30,1.08381772041321,20.7366666666667,20.1,15.6,26,2.03831134279379,22.8984676101729,0.406528949737549,0.357584939022992,Pessoa
193,2,30,1.02793526649475,20.2533333333333,21.1,17.2,23.9,2.06844759086643,22.4596885383913,0.344037771224976,0.292064172545598,Pessoa
194,2,32,0.965925872325897,21.128125,20.4,17.15,24.85,2.08148188951049,23.3535497294427,0.398532748222351,0.208178651101451,Pessoa
195,2,28,0.750624716281891,17.775,18.1,15.2,20.8,2.09771546031112,20.0240085871893,0.370158821344376,0.365514642367932,Pessoa
196,2,29,0.941143751144409,18.3931034482759,18.3,16.325,21.075,2.1071050909266,20.6556699610549,0.364605456590652,0.115310843073057,Pessoa
197,2,13,0.744584262371063,15.7230769230769,17.2,12.475,18.3,2.1111482303304,17.9914628286809,0.315419465303421,0.286134817969055,Pessoa
198,2,22,0.620774328708649,21.7318181818182,22.35,17.7,25.7,2.08903352300685,23.9682365922605,0.325387746095657,0.351662879254003,Pessoa
199,2,32,1.01345992088318,19.809375,19.25,14.1,24.65,2.09970634679197,22.061263341243,0.362497955560684,0.105177272305633,Pessoa
200,2,30,0.984267890453339,22.46,19.75,16.5,29.6,2.08636784657791,24.6925422589336,0.383046627044678,0.21683466917887,Pessoa
201,2,32,1.32376825809479,20.525,20.15,16.45,25.1,2.07908918236389,22.7469331001186,0.380595475435257,0.37026245977302,Pessoa
202,2,34,1.29785239696503,20.4676470588235,18.35,14.6,25.9,2.07085103154397,22.6775275809181,0.39186617732048,0.50809329331179,Pessoa
203,2,35,1.0431752204895,20.8085714285714,18.6,15.55,27.325,2.03778831440042,22.9695933101927,0.388131469488144,0.636997059210096,Pessoa
204,2,27,0.513151407241821,24.4259259259259,24.3,19.85,29.525,1.99390041119567,26.5208531317951,0.428169190883636,0.887155252541299,Pessoa
205,2,27,0.627110362052917,21.537037037037,21.2,17.325,25.175,1.95223515350932,23.5678566170784,0.424088507890701,0.970227686958304,Pessoa
206,2,25,0.580136895179749,25.86,27.7,20,33.725,1.90818204524945,27.8215324376759,0.31573823094368,1.00583582210688,Pessoa
207,2,24,0.662261605262756,24.0875,25.3,18,30.4,1.86314076030197,25.9765172129447,0.337238758802414,0.826584743526468,Pessoa
208,2,23,0.713471829891205,25.7,27.8,19.6,31.825,1.81407472076021,27.5079996484228,0.306171625852585,0.768986567640465,Pessoa
209,2,29,0.534260451793671,24.5758620689655,24.6,19.275,31,1.75940914191341,26.290976310207,0.378478080034256,0.620544307676746,Pessoa
210,2,30,0.661360502243042,24.5333333333333,25.95,19,29.2,1.6956449090262,26.1363843563636,0.383046686649323,0.621231736717909,Pessoa
211,2,28,0.553272783756256,25.0607142857143,24.8,18.55,31.45,1.63171976206884,26.5471068437095,0.362603724002838,0.650426291888002,Pessoa
212,2,31,0.824570715427399,24.8322580645161,24.4,20.2,30.6,1.56047167217691,26.1831167297692,0.400168895721436,0.668340990201843,Pessoa
213,2,35,0.781098008155823,24.5371428571429,25.1,17.025,31.85,1.49080102028806,25.7493464294882,0.416189461946487,0.629559179707569,Pessoa
214,2,29,0.521044075489044,26.1379310344828,25.7,19.95,32.325,1.42883710654701,27.2212602487607,0.331274718046188,0.572697774764704,Pessoa
215,2,24,0.464702636003494,26.2541666666667,27.6,21.85,30.55,1.37659021413992,27.224411365398,0.355480819940567,0.550197160328266,Pessoa
216,2,33,0.599628031253815,25.9333333333333,26.8,18.85,32.2,1.32590893192405,26.7897040699448,0.45578932762146,0.537070616885329,Pessoa
217,2,29,0.715019464492798,27.6034482758621,28.1,23.95,31.225,1.26991536759284,28.3288339792663,0.389385879039764,0.541384744855953,Pessoa
218,2,27,0.856861650943756,28.1407407407407,28.6,23.05,33.375,1.22171391551441,28.7486576896505,0.400593101978302,0.546282251720874,Pessoa
219,2,20,0.440561711788177,26.02,25.25,19.8,34.05,1.1661985059504,26.4867396400828,0.454180866479874,0.571494421090409,Pessoa
220,2,16,0.47786670923233,26.44375,25.95,21.9,31.35,1.12116636457234,26.7909437213576,0.548466801643372,0.545893587307218,Pessoa
221,2,12,0.166161850094795,24.9416666666667,24.05,16.45,30.8,1.08395561620217,25.1863970508558,0.404743313789368,0.491343996528255,Pessoa
222,2,3,0.0456964112818241,16.3333333333333,16.1,14.675,18.05,1.05378781160026,16.4923779992969,0.295284599065781,0.428102997707802,Pessoa
223,2,6,0.453427165746689,12.65,10.8,10.4,14.8,1.04045854355202,12.7704012170137,0.549790024757385,0.265269250185419,Pessoa
224,2,3,0.097194217145443,11.7,12.1,10.75,12.55,1.01190228427363,11.7359186482577,0.170482665300369,0.285051638980694,Pessoa
225,2,5,0.175785452127457,13.76,14.6,11.85,15.25,0.992362056699708,13.736724352139,0.247052803635597,0.306628109608486,Pessoa
89,1,31,0.772286117076874,22.7290322580645,23.1,16.3,28.35,1.5515804749826,24.0625446557505,0.386826068162918,0.265845775768459,Pessoa
90,1,31,0.696732401847839,24.9322580645161,25.1,20.85,30.15,1.56256630294725,26.2871888609662,0.447297543287277,0.252405323532387,Pessoa
91,1,24,0.549446284770966,22.1583333333333,22.35,16.7,28.2,1.59191949733138,23.569761835447,0.311679899692535,0.31212124285423,Pessoa
92,1,26,0.599880218505859,23.7269230769231,21.15,17.7,31.2,1.61285148562294,25.1780077832186,0.324296355247498,0.327082727251179,Pessoa
93,1,30,0.947985887527466,22.7533333333333,22.15,17,28.4,1.64944418303036,24.2725233227382,0.400943666696548,0.475251537831554,Pessoa
94,1,26,0.605439841747284,23.5769230769231,23.75,16.4,31,1.66997872315723,25.13367253305,0.337273359298706,0.3920749538063,Pessoa
95,1,21,0.590634524822235,25.3809523809524,26.4,20.675,29.275,1.69164138271778,26.9768274033698,0.311701625585556,0.417660587635226,Pessoa
96,1,25,0.51581221818924,19.168,19.6,14.875,23.375,1.7077622468289,20.7926675851508,0.372729778289795,0.229319220112591,Pessoa
97,1,30,0.757388412952423,18.9933333333333,19.9,13.5,23.8,1.71891035280202,20.637753392151,0.40106862783432,0.158632870879276,Pessoa
98,1,26,0.61774879693985,23.0846153846154,23.4,18.7,27.7,1.71792470682591,24.7272942229882,0.39667347073555,0.150148703767449,Pessoa
99,1,25,0.708347320556641,20.776,20.5,17.375,24.8,1.71642277525357,22.4160236372512,0.417595505714417,0.0884512466376324,Pessoa
100,1,24,0.696869790554047,19.5625,19.4,15.95,24.6,1.71432129307981,21.19880461372,0.379341572523117,0.277362384916525,Pessoa
101,1,24,0.578045070171356,21.7875,21.15,17.8,26.7,1.72668772313095,23.4456244700748,0.357032746076584,0.442565313094641,Pessoa
102,1,26,1.15150618553162,19.7115384615385,19.4,17.4,23.1,1.75624534954536,21.4211889204818,0.415663659572601,0.595674409767065,Pessoa
103,1,23,0.912738859653473,21.3782608695652,22.8,16.9,25.8,1.77636112726649,23.1224843824675,0.338259130716324,0.719009589078614,Pessoa
104,1,29,0.88650107383728,25.1379310344828,23.7,19.65,31,1.81103089341192,26.9408327873243,0.442805707454681,0.790927973736967,Pessoa
105,1,31,0.855554461479187,23.4516129032258,22.9,19.925,26.8,1.82966448516405,25.2855893964245,0.481419384479523,0.58309813690594,Pessoa
106,1,23,1.43669509887695,17.1782608695652,18.2,14.2,20.075,1.84443490343246,19.0366455606646,0.372214734554291,0.456849712105787,Pessoa
107,1,23,1.1934369802475,18.5,18.8,15.075,21.625,1.8353822968212,20.3434485034256,0.416769355535507,0.442793532132965,Pessoa
108,1,25,0.6676065325737,20.844,20.9,18.275,24.5,1.80359101159486,22.634405055358,0.389507174491882,0.5314323098986,Pessoa
109,1,24,0.832263290882111,20.8,21.25,17.3,24.4,1.77189081827241,22.5365743342179,0.405310600996017,0.526746781202836,Pessoa
110,1,23,0.60236257314682,20.5391304347826,20.8,18.15,22.575,1.74172195134432,22.2235724242812,0.331570506095886,0.468034819211702,Pessoa
111,1,27,0.776198625564575,22.1185185185185,24,16.9,26.525,1.72160254995247,23.7676894702419,0.415209144353867,0.35698421515449,Pessoa
112,1,21,0.699635028839111,22.1380952380952,23.3,16.7,27.125,1.74046043880746,23.8203376891467,0.367343902587891,0.178687277629814,Pessoa
113,1,24,0.82994931936264,21.5041666666667,22.15,19.9,24.3,1.7318386130656,23.1713335215835,0.358797967433929,0.108341945030888,Pessoa
114,1,29,0.715565145015717,22.4413793103448,22.8,19.75,26.175,1.75594236479966,24.1505060066348,0.670924067497253,0.128574169764892,Pessoa
115,1,34,0.866188943386078,22.6176470588235,22.95,17.8,27.3,1.79686818177464,24.3967154257209,0.575912535190582,0.443274423101527,Pessoa
116,1,33,0.839428305625916,19.6515151515152,19.2,15.5,22.775,1.82070505385561,21.470589939527,0.44087153673172,0.591842439389382,Pessoa
117,1,27,0.64791476726532,18.462962962963,18.3,16.575,20.775,1.80355811586304,20.253312649288,0.374637722969055,0.427019701102011,Pessoa
118,1,30,0.797670543193817,18.12,17.95,15.7,20.6,1.7863654255592,19.8812724287064,0.390817165374756,0.386034761686364,Pessoa
119,1,32,1.30917418003082,19.7375,19.6,15.3,24.1,1.78663377319712,21.4992284197805,0.389272421598434,0.542571249415098,Pessoa
120,1,29,0.657423198223114,20.2413793103448,20.7,17.175,24.725,1.80236582659813,22.0297214919731,0.361053973436356,0.677170451108839,Pessoa
121,1,22,0.586069703102112,24.4772727272727,23.25,17,32.1,1.80635550993786,26.2723272920658,0.271996200084686,0.850882257070038,Pessoa
122,1,29,1.16639983654022,23.0448275862069,23.5,16.95,28.925,1.82008164559735,24.8628627681595,0.391859859228134,0.877598707062525,Pessoa
123,1,31,0.65947562456131,26.2322580645161,24.6,21,33.8,1.83562421311042,28.0761066706037,0.376757770776749,0.791759983884236,Pessoa
124,1,31,1.53787672519684,21.7483870967742,21.2,18.025,25.8,1.86583562986511,23.641792037483,0.363071322441101,0.726002120077003,Pessoa
125,1,29,1.38301575183868,20.2896551724138,20.7,15.225,25.675,1.9298674762463,22.2854923071377,0.462727546691895,0.785984696294346,Pessoa
126,1,40,1.28581511974335,19.9125,19,12.95,26.2,1.99595435892936,22.0105527369456,0.53306633234024,0.736338683972489,Pessoa
127,1,34,1.3160879611969,19.3029411764706,19.55,14.9,22.5,2.0475481681473,21.4784677258818,0.528044521808624,0.754041825046968,Pessoa
128,1,29,1.08218932151794,20.3068965517241,18.7,15.6,25.425,2.09429420565285,22.5509500128768,0.441834628582001,0.565031876251973,Pessoa
129,1,32,1.16420423984528,20.8625,19.7,17.45,27.05,2.11786182841268,23.1405243837621,0.399963796138763,0.415806492423018,Pessoa
130,1,32,1.03187203407288,21.834375,22.2,18.2,26.2,2.14332271153624,24.1486770859893,0.405528962612152,0.308798503758093,Pessoa
131,1,34,0.975902378559113,23.1088235294118,22.65,17.1,28.2,2.16481986514647,25.4534216633391,0.474071145057678,0.184764373820181,Pessoa
132,1,27,0.923710286617279,19.2111111111111,19.7,16.9,22.375,2.19640172253231,21.5996764227911,0.417595446109772,0.161541452248766,Pessoa
133,1,32,0.810408353805542,20.071875,19.7,16.65,24.25,2.2206546394503,22.4937773400994,0.389272391796112,0.152997633188045,Pessoa
134,1,24,0.782915711402893,18.4125,18.85,16.45,20.6,2.26761293075184,20.8979267845668,0.340037494897842,0.259605259954685,Pessoa
135,1,27,1.29404592514038,18.6037037037037,18,15.075,20.125,2.29972576503018,21.1318192992988,0.356981694698334,0.270384608183992,Pessoa
136,1,26,0.914159774780273,22.7423076923077,23.25,19.7,27.7,2.32206868875164,25.299774378413,0.322845429182053,0.229041604236453,Pessoa
137,1,29,0.920065939426422,19.3379310344828,19.3,15.975,22.35,2.35266338340887,21.9351339891279,0.312252342700958,0.271493739998995,Pessoa
138,1,25,0.923626899719238,21.188,20.4,16.95,25.975,2.36755354838583,23.8043556753006,0.318943828344345,0.218735269338622,Pessoa
139,1,25,0.831425368785858,18.312,17.9,15.675,20.05,2.39162782886216,20.9590682514631,0.313428550958633,0.217949240551262,Pessoa
140,1,28,1.00714242458344,22.4464285714286,22,20.65,25.85,2.40786695437907,25.1140396520614,0.405687719583511,0.198294894568041,Pessoa
141,1,29,1.00008690357208,20.6655172413793,20.6,19.1,22.575,2.41752782946912,23.3452839018333,0.431506514549255,0.189012057129071,Pessoa
142,1,37,1.06756889820099,20.1459459459459,20.1,15.825,25.675,2.40707554157381,22.812559088821,0.439291179180145,0.272238412356424,Pessoa
143,1,35,1.00047469139099,22.9171428571429,21.9,17.725,27.25,2.3772694932966,25.5459309936676,0.437643110752106,0.451225167284146,Pessoa
144,1,28,0.707820951938629,24.2,22.85,20.15,29.85,2.33124389761007,26.7694381091277,0.42566505074501,0.724655639253421,Pessoa
145,1,35,1.33052229881287,20.3,20.3,14.425,25.2,2.29892602553058,22.8270597278878,0.449372917413712,0.830653428649873,Pessoa
146,1,33,2.09271025657654,21.6848484848485,20.2,14.5,28.2,2.24488946299881,24.1397012655087,0.450688391923904,1.03754209965447,Pessoa
147,1,31,0.709903001785278,22.8129032258064,22.7,20.125,27.7,2.18380424943829,25.1840070359459,0.359177023172379,1.14045346876229,Pessoa
148,1,28,0.691575467586517,21.5714285714286,20.5,16,27.15,2.1155195240709,23.8460936654934,0.367657780647278,1.17524000834698,Pessoa
149,1,33,1.38479208946228,20,19.5,15.275,25.3,2.06552744840613,22.2020664845549,0.42426472902298,1.0662770222597,Pessoa
150,1,26,0.644815146923065,21.2692307692308,20.45,15.7,28,1.99637678307877,23.3679259182079,0.335878431797028,1.05866709221916,Pessoa
151,1,26,0.661336660385132,21.3538461538462,18.95,15.2,27.4,1.94938802736828,23.3802352317974,0.401212781667709,1.07290042996111,Pessoa
152,1,27,0.694137096405029,22.5814814814815,23.2,18.9,26.325,1.92221854898713,24.5652628003152,0.381536483764648,1.00863442858872,Pessoa
153,1,25,0.646213114261627,24.192,24.8,19.05,30.175,1.88228976663735,26.1120585031275,0.32881498336792,0.910872818072029,Pessoa
154,1,24,0.91830575466156,25.2666666666667,24.9,19.65,31.35,1.84909787405783,27.1327163626447,0.36942657828331,0.879125887245547,Pessoa
155,1,24,0.668664336204529,21.5583333333333,22.5,18.9,25.55,1.82308694081704,23.3813769204336,0.346251875162125,0.655271917991926,Pessoa
156,1,27,0.612271666526794,23.137037037037,23.6,19.075,26.425,1.77700852539698,24.8823667216294,0.362505912780762,0.498787597483033,Pessoa
157,1,26,0.740268409252167,19.7884615384615,19.65,17.6,22.2,1.71440878711096,21.4249210825707,0.420317083597183,0.577993731098467,Pessoa
158,1,20,0.692295551300049,21.525,22.05,18.5,24.85,1.66713281473197,23.076571697668,0.37717667222023,0.58190079067147,Pessoa
159,1,26,0.53497052192688,20.4576923076923,20.1,17.5,25,1.61793430485515,21.9183288826309,0.523630023002625,0.58706493528261,Pessoa
160,1,27,0.535162210464478,20.1296296296296,21.6,15.975,22.925,1.64950382151856,21.6489293786654,0.375300198793411,0.457162213282997,Pessoa
161,1,29,0.598683297634125,22.9586206896552,24,18.3,26.25,1.67830159305644,24.5304620372503,0.419647604227066,0.58137522902546,Pessoa
162,1,32,1.39075875282288,17.759375,18.6,14.35,21.05,1.68090103333074,19.3359145877415,0.387915313243866,0.581898053765672,Pessoa
163,1,25,0.447615712881088,18.476,17.9,15.1,21.65,1.66153949351694,20.0173695733987,0.315738260746002,0.538631079048724,Pessoa
164,1,22,1.30351006984711,18.2772727272727,17.65,14.1,23.1,1.63433934093675,19.768534949471,0.256276875734329,0.503996004522646,Pessoa
165,1,25,0.679440438747406,19.94,21,14.3,24.3,1.62469221455854,21.4132899845149,0.340965300798416,0.591096671166483,Pessoa
166,1,22,0.58918684720993,16.5045454545455,15.9,13.2,18.7,1.61181297651626,17.9536748433936,0.343172162771225,0.636793398374011,Pessoa
167,1,26,0.521350562572479,17.2884615384615,16.6,14.1,19.8,1.59597686652954,18.7076174166821,0.374226361513138,0.704948389119088,Pessoa
168,1,24,0.60801112651825,16.8458333333333,17,14.15,19.15,1.58617495907741,18.2462874482019,0.311679989099503,0.714250771299972,Pessoa
169,1,22,0.660833358764648,15.6954545454545,15.9,13.7,17.8,1.58834375352735,17.1000565963725,0.340965300798416,0.627126294446937,Pessoa
170,1,23,0.626170575618744,17.1521739130435,17.4,15.7,19.2,1.59779801542198,18.5747918360589,0.303912073373795,0.547623733752727,Pessoa
171,1,23,0.546180844306946,17.2391304347826,16.7,13.775,21.225,1.61177256973076,18.6881837197882,0.280930072069168,0.29618248884787,Pessoa
172,1,24,0.667506098747253,18.625,19.2,14.8,21.8,1.63401867581211,20.1156665414152,0.319685816764832,0.216290978810189,Pessoa
173,1,18,0.379671603441238,18.5888888888889,18.75,15.8,21.6,1.64224955464785,20.0948085667233,0.306180864572525,0.203306945744066,Pessoa
174,1,23,0.595499455928802,18.0086956521739,17.7,15.1,20.375,1.66372451262564,19.5540547456332,0.316140085458755,0.24296121707325,Pessoa
175,1,21,0.524239957332611,20.8619047619048,20.3,15.35,26.45,1.68247534941977,22.4412862443193,0.317639350891113,0.267439019989207,Pessoa
176,1,19,0.464414894580841,19.2368421052632,20.6,16.025,22.575,1.70664490914733,20.8595228607496,0.312075346708298,0.325879274347999,Pessoa
177,1,21,0.598231792449951,16.7761904761905,17.3,13.875,19.575,1.7140554711171,18.4120243361468,0.348195046186447,0.169880679121084,Pessoa
178,1,12,0.48893615603447,15.1,15.05,13.4,17.4,1.71960274984143,16.7456426352151,0.319977700710297,0.102884959922166,Pessoa
179,1,8,0.669848740100861,12.2875,11.9,11.4,13.3,1.71604754697252,13.9268599243534,0.332487970590591,0.0199737927289571,Pessoa
180,1,13,0.522569715976715,15.2615384615385,14.1,12.925,17.4,1.69979801816951,16.8720157182117,0.327588856220245,0.0919733830978332,Pessoa
181,1,9,0.247047826647758,16.8111111111111,16.1,14.8,19.1,1.68445578767572,18.3940638299773,0.295284599065781,0.184152131515612,Pessoa
182,1,11,0.259243696928024,15.2454545454545,14.6,13.225,15.75,1.70023193646931,16.8567066504696,0.333125948905945,0.0534885456634461,Pessoa
183,1,11,0.995519518852234,15.2363636363636,15.7,14.15,17.025,1.71932934301949,16.881523571655,0.375624984502792,0.0847059259548833,Pessoa
184,1,9,0.649675667285919,11.9666666666667,10.8,10.575,13.625,1.70892684093374,13.5934037289235,0.255723983049393,0.0946468101102125,Pessoa
185,1,3,0.136510461568832,12.9666666666667,13.2,12.6,13.275,1.6949007259413,14.5683850839252,0,0.165864293670133,Pessoa
186,1,8,0.175448179244995,14.1125,13.1,12.4,15.65,1.66829480359491,15.6661868514361,0.31319659948349,0.38868210463869,Pessoa
187,1,5,0.198351204395294,13.44,13.4,12.55,14.75,1.65977926936462,14.9781518482846,0.323468059301376,0.35130429410139,Pessoa
188,1,3,0.142221853137016,11.9,11.7,11.325,12.525,1.65779462099942,13.434519775852,0.340965270996094,0.36122359236048,Pessoa
189,1,6,0.398764818906784,12.95,12.8,12.4,13.1,1.6734100601359,14.51298060496,0.304968625307083,0.0564730468603638,Pessoa
190,1,12,0.514401078224182,15.425,15.15,13.05,17.15,1.70296780861718,17.0411330052905,0.316865980625153,0.174531204850709,Pessoa
191,1,9,0.512150645256042,12.7,11.8,10.5,14.525,1.73830687918478,14.3784838774701,0.286965042352676,0.316751441490852,Pessoa
192,1,14,0.409952431917191,14.1071428571429,13.75,12.8,15.7,1.74312148859058,15.7940231778385,0.319444119930267,0.175794473340794,Pessoa
194,1,15,0.621938049793243,14.76,13.9,13,15.775,1.7384971458874,16.4388161344118,0.311701625585556,0.134516083029514,Pessoa
195,1,14,0.88500702381134,14.7071428571429,14.55,11.8,17.3,1.73550664816096,16.3807325658861,0.303288340568542,0.226678630855899,Pessoa
196,1,17,0.587092339992523,16.8117647058824,17.2,14.6,18.925,1.69543225642737,18.4144349924195,0.297447860240936,0.283676311004461,Pessoa
197,1,14,0.579096853733063,16.4714285714286,16.85,13.1,20,1.64325452771949,17.9792053861238,0.30011248588562,0.466336682893773,Pessoa
198,1,16,0.425649791955948,16.4625,15.4,14.35,18.95,1.62864862137817,17.9431734980289,0.357607364654541,0.394037738641469,Pessoa
199,1,13,0.345284909009933,17.2384615384615,16.8,13.925,20.45,1.6181763861676,18.6995522948376,0.378267019987106,0.225167293754232,Pessoa
200,1,11,0.289132565259933,16.7909090909091,18.1,12.75,20.1,1.60408296290856,18.2254446058277,0.333125948905945,0.217162741013579,Pessoa
201,1,14,0.309631317853928,15.7928571428571,15.3,13.2,18.2,1.59491935684271,17.2100008580129,0.31944414973259,0.175241212681402,Pessoa
202,1,6,0.251910358667374,12.85,12.45,11.3,14.2,1.58532110489136,14.2488195166234,0.304968595504761,0.127215826374684,Pessoa
203,1,20,0.42427185177803,20.07,19.3,16.6,23.9,1.58401352385367,21.4663146072067,0.369804382324219,0.173643443833552,Pessoa
204,1,28,0.53498238325119,21.6571428571429,22,18.55,26.4,1.59455012416084,23.0735837052742,0.40354996919632,0.231528366456182,Pessoa
205,1,24,0.450915157794952,20.3458333333333,20.65,16.55,24.2,1.58610817468935,21.7461596294739,0.325561136007309,0.193104988890777,Pessoa
206,1,25,0.596144318580627,24.072,24,18.675,29.1,1.57916147385409,25.4590015156687,0.350216269493103,0.21753344490104,Pessoa
207,1,29,0.713070929050446,23.3068965517241,22.8,17.2,29.7,1.56391919385364,24.6644545768096,0.40691614151001,0.375391900470769,Pessoa
208,1,26,0.603918850421906,22.8115384615385,20.35,17.2,29.8,1.55264063206646,24.1471243832492,0.366987258195877,0.338782988959883,Pessoa
209,1,26,0.523423671722412,23.5076923076923,24,18.3,29,1.54011085820678,24.8186806672411,0.361833691596985,0.526870547388624,Pessoa
210,1,23,0.386120051145554,21.3478260869565,22.6,16.5,25.625,1.52064095585991,22.6201926031282,0.328437477350235,0.628238808456195,Pessoa
211,1,23,0.563273072242737,21.9565217391304,22.5,18.525,26.3,1.49302193672508,23.1732443987662,0.28579506278038,0.597531504866133,Pessoa
212,1,21,0.519396662712097,19.0380952380952,18.9,17.075,21.575,1.49454680742678,20.2579167911047,0.421061038970947,0.564345903396267,Pessoa
213,1,13,0.568823099136353,14.4076923076923,14.8,12.175,15.625,1.51363668011983,15.666043595687,0.308249890804291,0.633608732762968,Pessoa
214,1,22,0.542367577552795,19.2681818181818,19.6,16,22.1,1.54601253330455,20.5907807606011,0.375725418329239,0.755016604211073,Pessoa
215,1,23,0.395482629537582,18.7608695652174,18.2,15.775,21.55,1.54257873644141,20.0767184757926,0.316140085458755,0.707895674947996,Pessoa
216,1,25,0.750719845294952,20.544,23.1,13.7,24.55,1.55987198567137,21.8936918198038,0.262454718351364,0.827028999029403,Pessoa
217,1,31,0.618521213531494,23.7838709677419,23.2,19.725,29.675,1.57485736728547,25.1625871405529,0.388518989086151,0.741315367969594,Pessoa
218,1,26,0.578102946281433,26.0192307692308,25.75,21.9,30.3,1.61131709783288,27.4674260672823,0.38062384724617,0.765132802840185,Pessoa
219,1,29,0.539488613605499,22.7344827586207,21,15.55,30.4,1.64654673085026,24.2483354449356,0.369287550449371,0.746265641830599,Pessoa
220,1,29,1.33036518096924,22.8,23.4,16.225,28.55,1.68454740893763,24.3831178337901,0.402938395738602,0.706910850291271,Pessoa
221,1,30,1.18953776359558,25.9766666666667,25.95,18.3,34.7,1.73174185312197,27.6436639075399,0.393373250961304,0.769250732115958,Pessoa
222,1,23,0.452887624502182,24.0391304347826,25.9,19.325,29.725,1.76754913455459,25.7682571862986,0.328437477350235,0.779345383976425,Pessoa
223,1,20,0.322995841503143,21.605,21.7,17.7,23.55,1.79356462482111,23.3784820367285,0.364492237567902,0.700222146099322,Pessoa
224,1,24,0.835423469543457,19.5666666666667,19.85,16.35,23.55,1.82190740089537,21.3877455038295,0.329419732093811,0.716679106970196,Pessoa
225,1,20,0.418559074401855,22.01,22.85,18.75,25.45,1.84539147125539,23.8699586787825,0.296834677457809,0.560260145419616,Pessoa
226,1,28,1.31531488895416,19.1785714285714,18.45,15.6,23.25,1.86069495433741,21.0636009364314,0.359889954328537,0.237700803012036,Pessoa
227,1,26,1.29250288009644,21.4730769230769,20,17.1,27.3,1.88985038226547,23.4053046086962,0.388990193605423,0.175890199343218,Pessoa
228,1,33,1.35641753673553,18.3121212121212,17.6,13.625,22.5,1.92532356588151,20.3008022611058,0.497702121734619,0.285456003818492,Pessoa
229,1,36,1.32751989364624,16.7944444444444,16.45,12.65,20.95,1.98396477173988,18.8742067992535,0.570725917816162,0.610911770874608,Pessoa
230,1,34,1.17821002006531,17.5058823529412,17.85,13.8,20.7,2.01434993942351,19.6317854424958,0.413575142621994,0.736793371614251,Pessoa
231,1,34,0.956304848194122,20.2764705882353,19.7,15.9,24.3,2.02661113453554,22.4207958548431,0.364431083202362,0.714471539374981,Pessoa
232,1,32,0.878579914569855,23.175,22.5,20.1,27.1,2.02003653289492,25.309460974699,0.375011831521988,0.734963452320675,Pessoa
233,1,31,1.06710934638977,18.5612903225807,18.5,14.225,23.325,2.0171529220772,20.6914147002057,0.410119593143463,0.746790094584504,Pessoa
234,1,28,1.05707359313965,18.7178571428571,17.85,14.1,22.9,2.00691213073117,20.8325303656338,0.382268220186234,0.613943833872454,Pessoa
235,1,35,1.06064474582672,18.0371428571429,17.7,14.55,20.15,2.00461120565354,20.1483336315621,0.365176677703857,0.655007310980846,Pessoa
236,1,26,0.730174601078033,20.8423076923077,21.1,16.9,25,1.97783909917266,22.9126824890628,0.388990193605423,0.559796474381589,Pessoa
237,1,28,0.941747725009918,20.8,20,16.75,25.3,1.99101512261144,22.890531165259,0.450926840305328,0.316136814854419,Pessoa
238,1,27,0.892327129840851,20.8148148148148,20.2,16.5,24.925,2.0080741765113,22.9312452759071,0.356981664896011,0.1190288585371,Pessoa
239,1,27,0.772419631481171,22.3814814814815,23.1,16.85,27.375,2.00547126325881,24.4939744200244,0.330983638763428,0.184970899455857,Pessoa
240,1,24,0.676314949989319,20.75,22.4,14.1,25.5,2.00718111119071,22.8650800638189,0.344651490449905,0.249664632752203,Pessoa
241,1,23,0.948246955871582,19.0478260869565,19.4,16.95,22.075,2.03823265855337,21.2095098413935,0.391175866127014,0.34323825557802,Pessoa
242,1,19,0.744690537452698,17.3157894736842,17.6,15,19.025,2.03638759046793,19.4747239620648,0.30961474776268,0.304633978188423,Pessoa
243,1,16,0.699564933776855,14.81875,15.1,12.7,16.05,2.06400977338426,17.0185851283557,0.274233371019363,0.125002160606044,Pessoa
244,1,12,0.373861074447632,15.0166666666667,14.65,12.6,16.5,2.04122269884415,17.1828004867339,0.30410099029541,0.187613346661661,Pessoa
245,1,9,0.479028016328812,12.4777777777778,12.9,10.375,13.675,2.04648564152818,14.6517286041438,0.295284599065781,0.146172183970589,Pessoa
246,1,16,0.45690581202507,18.725,17.85,16,21.8,2.03912283344666,20.8880092804434,0.321213901042938,0.151726575875224,Pessoa
247,1,14,0.554733216762543,13.9642857142857,13.65,11.7,15.3,2.0467931951021,16.1386927255789,0.321685880422592,0.277247055117017,Pessoa
248,1,14,0.844254493713379,15.2785714285714,15.25,13.5,17,2.04706942692716,17.4533881077604,0.293657660484314,0.15707180335973,Pessoa
250,1,11,0.574854671955109,14.3090909090909,13.4,12.325,15.475,2.04589492538183,16.4821653517118,0.278713166713715,0.178708368748041,Pessoa
251,1,18,0.613645315170288,16.7722222222222,16.7,14.7,18.2,2.03015282592434,18.9218480587687,0.322497636079788,0.282742080306166,Pessoa
253,1,5,0.552969396114349,12.92,12.3,11.9,13.625,2.00802504254865,15.0363561816148,0.264110565185547,0.433244598749184,Pessoa
255,1,5,0.323332369327545,14.02,14.1,12.325,15.375,1.99681988947591,16.1193688679905,0.323468059301376,0.135547931124767,Pessoa
256,1,6,0.28627473115921,13.6,13.65,13,14.2,2.01737915768913,15.7304648322817,0.290321469306946,0.315184344117023,Pessoa
257,1,8,0.59980320930481,13.4125,13.55,11.45,14.95,2.02735918535618,15.5579455864465,0.305648595094681,0.247403579343628,Pessoa
258,1,6,0.51269394159317,13.0333333333333,13,11.7,14.2,2.01323154573883,15.1575504838604,0.304968595504761,0.37621203022785,Pessoa
259,1,25,0.689368367195129,20.128,19.7,14.825,25.625,2.00965860831453,22.2468247910942,0.352697312831879,0.299684483925701,Pessoa
260,1,25,0.760701060295105,19.58,20.3,13.15,26.225,1.99811513043201,21.6813373540649,0.308286130428314,0.286947512689265,Pessoa
261,1,25,0.727942287921906,23.796,23.4,18.75,28.85,1.96920183575001,25.8530887214246,0.348552584648132,0.359709379194184,Pessoa
262,1,27,0.711771309375763,23.7851851851852,23.8,19.425,30.15,1.93906513637283,25.7954560471106,0.360099524259567,0.369030340197482,Pessoa
263,1,30,0.777613997459412,24.4233333333333,25.35,19.7,30.1,1.90155002045141,26.374296534177,0.422842502593994,0.445371505488164,Pessoa
264,1,28,0.855875670909882,20.5642857142857,21.4,17.05,24.25,1.85658421537191,22.4426011441605,0.322002917528152,0.569285178556771,Pessoa
265,1,31,0.732899487018585,21.7870967741936,22.9,18.475,25.725,1.80318139044175,23.5768122964455,0.40133860707283,0.703113064178538,Pessoa
266,1,30,0.853495180606842,22.7133333333333,21.85,18.7,27.3,1.73879954759625,24.3926774678116,0.374714255332947,0.882464358086648,Pessoa
267,1,29,0.73802661895752,22.5310344827586,22.3,18.775,27.3,1.67739517664785,24.1012358579419,0.365781515836716,0.781871829734542,Pessoa
268,1,33,0.874459445476532,20.3151515151515,20.5,17.65,23.725,1.6116107161004,21.7638999390809,0.430639356374741,0.707008706485187,Pessoa
269,1,32,0.600838780403137,23.659375,23.95,20.5,28.85,1.55771724874667,25.0048705160957,0.50443959236145,0.606275411780573,Pessoa
270,1,27,0.634117960929871,25.2740740740741,25.2,21.125,31.25,1.49160383279371,26.4879119736801,0.358370751142502,0.54217960642647,Pessoa
271,1,24,0.491250514984131,26.2875,24.45,18.75,35,1.4279589497011,27.3689629018414,0.304761350154877,0.538723511659777,Pessoa
272,1,26,0.759265124797821,22.9153846153846,23.2,19.6,26.1,1.37544681915794,23.8831068005193,0.40338009595871,0.56342789504465,Pessoa
273,1,25,0.621426999568939,26.576,27.1,21.825,31.9,1.31277327176081,27.4021461836312,0.39908966422081,0.610850555921996,Pessoa
274,1,19,0.712654113769531,26.0263157894737,27.9,19.825,30.25,1.25651794472213,26.7195049693897,0.466612815856934,0.601789220959717,Pessoa
275,1,8,0.39549058675766,20.9125,21.55,16.05,25.25,1.19254753526325,21.447065137067,0.523483633995056,0.677430517132839,Pessoa
276,1,3,0.129666641354561,21.7,22,19.6,23.725,1.11822021987843,22.0392061135346,0.170482620596886,0.740180602344568,Pessoa
89,1,31,0.772286117076874,22.7290322580645,23.1,16.3,28.35,1.5515804749826,24.0625446557505,0.386826068162918,0.265845775768459,Pessoa
90,1,31,0.696732401847839,24.9322580645161,25.1,20.85,30.15,1.56256630294725,26.2871888609662,0.447297543287277,0.252405323532387,Pessoa
91,1,24,0.549446284770966,22.1583333333333,22.35,16.7,28.2,1.59191949733138,23.569761835447,0.311679899692535,0.31212124285423,Pessoa
92,1,26,0.599880218505859,23.7269230769231,21.15,17.7,31.2,1.61285148562294,25.1780077832186,0.324296355247498,0.327082727251179,Pessoa
93,1,30,0.947985887527466,22.7533333333333,22.15,17,28.4,1.64944418303036,24.2725233227382,0.400943666696548,0.475251537831554,Pessoa
94,1,26,0.605439841747284,23.5769230769231,23.75,16.4,31,1.66997872315723,25.13367253305,0.337273359298706,0.3920749538063,Pessoa
95,1,21,0.590634524822235,25.3809523809524,26.4,20.675,29.275,1.69164138271778,26.9768274033698,0.311701625585556,0.417660587635226,Pessoa
96,1,25,0.51581221818924,19.168,19.6,14.875,23.375,1.7077622468289,20.7926675851508,0.372729778289795,0.229319220112591,Pessoa
97,1,30,0.757388412952423,18.9933333333333,19.9,13.5,23.8,1.71891035280202,20.637753392151,0.40106862783432,0.158632870879276,Pessoa
98,1,26,0.61774879693985,23.0846153846154,23.4,18.7,27.7,1.71792470682591,24.7272942229882,0.39667347073555,0.150148703767449,Pessoa
99,1,25,0.708347320556641,20.776,20.5,17.375,24.8,1.71642277525357,22.4160236372512,0.417595505714417,0.0884512466376324,Pessoa
100,1,24,0.696869790554047,19.5625,19.4,15.95,24.6,1.71432129307981,21.19880461372,0.379341572523117,0.277362384916525,Pessoa
101,1,24,0.578045070171356,21.7875,21.15,17.8,26.7,1.72668772313095,23.4456244700748,0.357032746076584,0.442565313094641,Pessoa
102,1,26,1.15150618553162,19.7115384615385,19.4,17.4,23.1,1.75624534954536,21.4211889204818,0.415663659572601,0.595674409767065,Pessoa
103,1,23,0.912738859653473,21.3782608695652,22.8,16.9,25.8,1.77636112726649,23.1224843824675,0.338259130716324,0.719009589078614,Pessoa
104,1,29,0.88650107383728,25.1379310344828,23.7,19.65,31,1.81103089341192,26.9408327873243,0.442805707454681,0.790927973736967,Pessoa
105,1,31,0.855554461479187,23.4516129032258,22.9,19.925,26.8,1.82966448516405,25.2855893964245,0.481419384479523,0.58309813690594,Pessoa
106,1,23,1.43669509887695,17.1782608695652,18.2,14.2,20.075,1.84443490343246,19.0366455606646,0.372214734554291,0.456849712105787,Pessoa
107,1,23,1.1934369802475,18.5,18.8,15.075,21.625,1.8353822968212,20.3434485034256,0.416769355535507,0.442793532132965,Pessoa
108,1,25,0.6676065325737,20.844,20.9,18.275,24.5,1.80359101159486,22.634405055358,0.389507174491882,0.5314323098986,Pessoa
109,1,24,0.832263290882111,20.8,21.25,17.3,24.4,1.77189081827241,22.5365743342179,0.405310600996017,0.526746781202836,Pessoa
110,1,23,0.60236257314682,20.5391304347826,20.8,18.15,22.575,1.74172195134432,22.2235724242812,0.331570506095886,0.468034819211702,Pessoa
111,1,27,0.776198625564575,22.1185185185185,24,16.9,26.525,1.72160254995247,23.7676894702419,0.415209144353867,0.35698421515449,Pessoa
112,1,21,0.699635028839111,22.1380952380952,23.3,16.7,27.125,1.74046043880746,23.8203376891467,0.367343902587891,0.178687277629814,Pessoa
113,1,24,0.82994931936264,21.5041666666667,22.15,19.9,24.3,1.7318386130656,23.1713335215835,0.358797967433929,0.108341945030888,Pessoa
114,1,29,0.715565145015717,22.4413793103448,22.8,19.75,26.175,1.75594236479966,24.1505060066348,0.670924067497253,0.128574169764892,Pessoa
115,1,34,0.866188943386078,22.6176470588235,22.95,17.8,27.3,1.79686818177464,24.3967154257209,0.575912535190582,0.443274423101527,Pessoa
116,1,33,0.839428305625916,19.6515151515152,19.2,15.5,22.775,1.82070505385561,21.470589939527,0.44087153673172,0.591842439389382,Pessoa
117,1,27,0.64791476726532,18.462962962963,18.3,16.575,20.775,1.80355811586304,20.253312649288,0.374637722969055,0.427019701102011,Pessoa
118,1,30,0.797670543193817,18.12,17.95,15.7,20.6,1.7863654255592,19.8812724287064,0.390817165374756,0.386034761686364,Pessoa
119,1,32,1.30917418003082,19.7375,19.6,15.3,24.1,1.78663377319712,21.4992284197805,0.389272421598434,0.542571249415098,Pessoa
120,1,29,0.657423198223114,20.2413793103448,20.7,17.175,24.725,1.80236582659813,22.0297214919731,0.361053973436356,0.677170451108839,Pessoa
121,1,22,0.586069703102112,24.4772727272727,23.25,17,32.1,1.80635550993786,26.2723272920658,0.271996200084686,0.850882257070038,Pessoa
122,1,29,1.16639983654022,23.0448275862069,23.5,16.95,28.925,1.82008164559735,24.8628627681595,0.391859859228134,0.877598707062525,Pessoa
123,1,31,0.65947562456131,26.2322580645161,24.6,21,33.8,1.83562421311042,28.0761066706037,0.376757770776749,0.791759983884236,Pessoa
124,1,31,1.53787672519684,21.7483870967742,21.2,18.025,25.8,1.86583562986511,23.641792037483,0.363071322441101,0.726002120077003,Pessoa
125,1,29,1.38301575183868,20.2896551724138,20.7,15.225,25.675,1.9298674762463,22.2854923071377,0.462727546691895,0.785984696294346,Pessoa
126,1,40,1.28581511974335,19.9125,19,12.95,26.2,1.99595435892936,22.0105527369456,0.53306633234024,0.736338683972489,Pessoa
127,1,34,1.3160879611969,19.3029411764706,19.55,14.9,22.5,2.0475481681473,21.4784677258818,0.528044521808624,0.754041825046968,Pessoa
128,1,29,1.08218932151794,20.3068965517241,18.7,15.6,25.425,2.09429420565285,22.5509500128768,0.441834628582001,0.565031876251973,Pessoa
129,1,32,1.16420423984528,20.8625,19.7,17.45,27.05,2.11786182841268,23.1405243837621,0.399963796138763,0.415806492423018,Pessoa
130,1,32,1.03187203407288,21.834375,22.2,18.2,26.2,2.14332271153624,24.1486770859893,0.405528962612152,0.308798503758093,Pessoa
131,1,34,0.975902378559113,23.1088235294118,22.65,17.1,28.2,2.16481986514647,25.4534216633391,0.474071145057678,0.184764373820181,Pessoa
132,1,27,0.923710286617279,19.2111111111111,19.7,16.9,22.375,2.19640172253231,21.5996764227911,0.417595446109772,0.161541452248766,Pessoa
133,1,32,0.810408353805542,20.071875,19.7,16.65,24.25,2.2206546394503,22.4937773400994,0.389272391796112,0.152997633188045,Pessoa
134,1,24,0.782915711402893,18.4125,18.85,16.45,20.6,2.26761293075184,20.8979267845668,0.340037494897842,0.259605259954685,Pessoa
135,1,27,1.29404592514038,18.6037037037037,18,15.075,20.125,2.29972576503018,21.1318192992988,0.356981694698334,0.270384608183992,Pessoa
136,1,26,0.914159774780273,22.7423076923077,23.25,19.7,27.7,2.32206868875164,25.299774378413,0.322845429182053,0.229041604236453,Pessoa
137,1,29,0.920065939426422,19.3379310344828,19.3,15.975,22.35,2.35266338340887,21.9351339891279,0.312252342700958,0.271493739998995,Pessoa
138,1,25,0.923626899719238,21.188,20.4,16.95,25.975,2.36755354838583,23.8043556753006,0.318943828344345,0.218735269338622,Pessoa
139,1,25,0.831425368785858,18.312,17.9,15.675,20.05,2.39162782886216,20.9590682514631,0.313428550958633,0.217949240551262,Pessoa
140,1,28,1.00714242458344,22.4464285714286,22,20.65,25.85,2.40786695437907,25.1140396520614,0.405687719583511,0.198294894568041,Pessoa
141,1,29,1.00008690357208,20.6655172413793,20.6,19.1,22.575,2.41752782946912,23.3452839018333,0.431506514549255,0.189012057129071,Pessoa
142,1,37,1.06756889820099,20.1459459459459,20.1,15.825,25.675,2.40707554157381,22.812559088821,0.439291179180145,0.272238412356424,Pessoa
143,1,35,1.00047469139099,22.9171428571429,21.9,17.725,27.25,2.3772694932966,25.5459309936676,0.437643110752106,0.451225167284146,Pessoa
144,1,28,0.707820951938629,24.2,22.85,20.15,29.85,2.33124389761007,26.7694381091277,0.42566505074501,0.724655639253421,Pessoa
145,1,35,1.33052229881287,20.3,20.3,14.425,25.2,2.29892602553058,22.8270597278878,0.449372917413712,0.830653428649873,Pessoa
146,1,33,2.09271025657654,21.6848484848485,20.2,14.5,28.2,2.24488946299881,24.1397012655087,0.450688391923904,1.03754209965447,Pessoa
147,1,31,0.709903001785278,22.8129032258064,22.7,20.125,27.7,2.18380424943829,25.1840070359459,0.359177023172379,1.14045346876229,Pessoa
148,1,28,0.691575467586517,21.5714285714286,20.5,16,27.15,2.1155195240709,23.8460936654934,0.367657780647278,1.17524000834698,Pessoa
149,1,33,1.38479208946228,20,19.5,15.275,25.3,2.06552744840613,22.2020664845549,0.42426472902298,1.0662770222597,Pessoa
150,1,26,0.644815146923065,21.2692307692308,20.45,15.7,28,1.99637678307877,23.3679259182079,0.335878431797028,1.05866709221916,Pessoa
151,1,26,0.661336660385132,21.3538461538462,18.95,15.2,27.4,1.94938802736828,23.3802352317974,0.401212781667709,1.07290042996111,Pessoa
152,1,27,0.694137096405029,22.5814814814815,23.2,18.9,26.325,1.92221854898713,24.5652628003152,0.381536483764648,1.00863442858872,Pessoa
153,1,25,0.646213114261627,24.192,24.8,19.05,30.175,1.88228976663735,26.1120585031275,0.32881498336792,0.910872818072029,Pessoa
154,1,24,0.91830575466156,25.2666666666667,24.9,19.65,31.35,1.84909787405783,27.1327163626447,0.36942657828331,0.879125887245547,Pessoa
155,1,24,0.668664336204529,21.5583333333333,22.5,18.9,25.55,1.82308694081704,23.3813769204336,0.346251875162125,0.655271917991926,Pessoa
156,1,27,0.612271666526794,23.137037037037,23.6,19.075,26.425,1.77700852539698,24.8823667216294,0.362505912780762,0.498787597483033,Pessoa
157,1,26,0.740268409252167,19.7884615384615,19.65,17.6,22.2,1.71440878711096,21.4249210825707,0.420317083597183,0.577993731098467,Pessoa
158,1,20,0.692295551300049,21.525,22.05,18.5,24.85,1.66713281473197,23.076571697668,0.37717667222023,0.58190079067147,Pessoa
159,1,26,0.53497052192688,20.4576923076923,20.1,17.5,25,1.61793430485515,21.9183288826309,0.523630023002625,0.58706493528261,Pessoa
160,1,27,0.535162210464478,20.1296296296296,21.6,15.975,22.925,1.64950382151856,21.6489293786654,0.375300198793411,0.457162213282997,Pessoa
161,1,29,0.598683297634125,22.9586206896552,24,18.3,26.25,1.67830159305644,24.5304620372503,0.419647604227066,0.58137522902546,Pessoa
162,1,32,1.39075875282288,17.759375,18.6,14.35,21.05,1.68090103333074,19.3359145877415,0.387915313243866,0.581898053765672,Pessoa
163,1,25,0.447615712881088,18.476,17.9,15.1,21.65,1.66153949351694,20.0173695733987,0.315738260746002,0.538631079048724,Pessoa
164,1,22,1.30351006984711,18.2772727272727,17.65,14.1,23.1,1.63433934093675,19.768534949471,0.256276875734329,0.503996004522646,Pessoa
165,1,25,0.679440438747406,19.94,21,14.3,24.3,1.62469221455854,21.4132899845149,0.340965300798416,0.591096671166483,Pessoa
166,1,22,0.58918684720993,16.5045454545455,15.9,13.2,18.7,1.61181297651626,17.9536748433936,0.343172162771225,0.636793398374011,Pessoa
167,1,26,0.521350562572479,17.2884615384615,16.6,14.1,19.8,1.59597686652954,18.7076174166821,0.374226361513138,0.704948389119088,Pessoa
168,1,24,0.60801112651825,16.8458333333333,17,14.15,19.15,1.58617495907741,18.2462874482019,0.311679989099503,0.714250771299972,Pessoa
169,1,22,0.660833358764648,15.6954545454545,15.9,13.7,17.8,1.58834375352735,17.1000565963725,0.340965300798416,0.627126294446937,Pessoa
170,1,23,0.626170575618744,17.1521739130435,17.4,15.7,19.2,1.59779801542198,18.5747918360589,0.303912073373795,0.547623733752727,Pessoa
171,1,23,0.546180844306946,17.2391304347826,16.7,13.775,21.225,1.61177256973076,18.6881837197882,0.280930072069168,0.29618248884787,Pessoa
172,1,24,0.667506098747253,18.625,19.2,14.8,21.8,1.63401867581211,20.1156665414152,0.319685816764832,0.216290978810189,Pessoa
173,1,18,0.379671603441238,18.5888888888889,18.75,15.8,21.6,1.64224955464785,20.0948085667233,0.306180864572525,0.203306945744066,Pessoa
174,1,23,0.595499455928802,18.0086956521739,17.7,15.1,20.375,1.66372451262564,19.5540547456332,0.316140085458755,0.24296121707325,Pessoa
175,1,21,0.524239957332611,20.8619047619048,20.3,15.35,26.45,1.68247534941977,22.4412862443193,0.317639350891113,0.267439019989207,Pessoa
176,1,19,0.464414894580841,19.2368421052632,20.6,16.025,22.575,1.70664490914733,20.8595228607496,0.312075346708298,0.325879274347999,Pessoa
177,1,21,0.598231792449951,16.7761904761905,17.3,13.875,19.575,1.7140554711171,18.4120243361468,0.348195046186447,0.169880679121084,Pessoa
178,1,12,0.48893615603447,15.1,15.05,13.4,17.4,1.71960274984143,16.7456426352151,0.319977700710297,0.102884959922166,Pessoa
179,1,8,0.669848740100861,12.2875,11.9,11.4,13.3,1.71604754697252,13.9268599243534,0.332487970590591,0.0199737927289571,Pessoa
180,1,13,0.522569715976715,15.2615384615385,14.1,12.925,17.4,1.69979801816951,16.8720157182117,0.327588856220245,0.0919733830978332,Pessoa
181,1,9,0.247047826647758,16.8111111111111,16.1,14.8,19.1,1.68445578767572,18.3940638299773,0.295284599065781,0.184152131515612,Pessoa
182,1,11,0.259243696928024,15.2454545454545,14.6,13.225,15.75,1.70023193646931,16.8567066504696,0.333125948905945,0.0534885456634461,Pessoa
183,1,11,0.995519518852234,15.2363636363636,15.7,14.15,17.025,1.71932934301949,16.881523571655,0.375624984502792,0.0847059259548833,Pessoa
184,1,9,0.649675667285919,11.9666666666667,10.8,10.575,13.625,1.70892684093374,13.5934037289235,0.255723983049393,0.0946468101102125,Pessoa
185,1,3,0.136510461568832,12.9666666666667,13.2,12.6,13.275,1.6949007259413,14.5683850839252,0,0.165864293670133,Pessoa
186,1,8,0.175448179244995,14.1125,13.1,12.4,15.65,1.66829480359491,15.6661868514361,0.31319659948349,0.38868210463869,Pessoa
187,1,5,0.198351204395294,13.44,13.4,12.55,14.75,1.65977926936462,14.9781518482846,0.323468059301376,0.35130429410139,Pessoa
188,1,3,0.142221853137016,11.9,11.7,11.325,12.525,1.65779462099942,13.434519775852,0.340965270996094,0.36122359236048,Pessoa
189,1,6,0.398764818906784,12.95,12.8,12.4,13.1,1.6734100601359,14.51298060496,0.304968625307083,0.0564730468603638,Pessoa
190,1,12,0.514401078224182,15.425,15.15,13.05,17.15,1.70296780861718,17.0411330052905,0.316865980625153,0.174531204850709,Pessoa
191,1,9,0.512150645256042,12.7,11.8,10.5,14.525,1.73830687918478,14.3784838774701,0.286965042352676,0.316751441490852,Pessoa
192,1,14,0.409952431917191,14.1071428571429,13.75,12.8,15.7,1.74312148859058,15.7940231778385,0.319444119930267,0.175794473340794,Pessoa
194,1,15,0.621938049793243,14.76,13.9,13,15.775,1.7384971458874,16.4388161344118,0.311701625585556,0.134516083029514,Pessoa
195,1,14,0.88500702381134,14.7071428571429,14.55,11.8,17.3,1.73550664816096,16.3807325658861,0.303288340568542,0.226678630855899,Pessoa
196,1,17,0.587092339992523,16.8117647058824,17.2,14.6,18.925,1.69543225642737,18.4144349924195,0.297447860240936,0.283676311004461,Pessoa
197,1,14,0.579096853733063,16.4714285714286,16.85,13.1,20,1.64325452771949,17.9792053861238,0.30011248588562,0.466336682893773,Pessoa
198,1,16,0.425649791955948,16.4625,15.4,14.35,18.95,1.62864862137817,17.9431734980289,0.357607364654541,0.394037738641469,Pessoa
199,1,13,0.345284909009933,17.2384615384615,16.8,13.925,20.45,1.6181763861676,18.6995522948376,0.378267019987106,0.225167293754232,Pessoa
200,1,11,0.289132565259933,16.7909090909091,18.1,12.75,20.1,1.60408296290856,18.2254446058277,0.333125948905945,0.217162741013579,Pessoa
201,1,14,0.309631317853928,15.7928571428571,15.3,13.2,18.2,1.59491935684271,17.2100008580129,0.31944414973259,0.175241212681402,Pessoa
202,1,6,0.251910358667374,12.85,12.45,11.3,14.2,1.58532110489136,14.2488195166234,0.304968595504761,0.127215826374684,Pessoa
203,1,20,0.42427185177803,20.07,19.3,16.6,23.9,1.58401352385367,21.4663146072067,0.369804382324219,0.173643443833552,Pessoa
204,1,28,0.53498238325119,21.6571428571429,22,18.55,26.4,1.59455012416084,23.0735837052742,0.40354996919632,0.231528366456182,Pessoa
205,1,24,0.450915157794952,20.3458333333333,20.65,16.55,24.2,1.58610817468935,21.7461596294739,0.325561136007309,0.193104988890777,Pessoa
206,1,25,0.596144318580627,24.072,24,18.675,29.1,1.57916147385409,25.4590015156687,0.350216269493103,0.21753344490104,Pessoa
207,1,29,0.713070929050446,23.3068965517241,22.8,17.2,29.7,1.56391919385364,24.6644545768096,0.40691614151001,0.375391900470769,Pessoa
208,1,26,0.603918850421906,22.8115384615385,20.35,17.2,29.8,1.55264063206646,24.1471243832492,0.366987258195877,0.338782988959883,Pessoa
209,1,26,0.523423671722412,23.5076923076923,24,18.3,29,1.54011085820678,24.8186806672411,0.361833691596985,0.526870547388624,Pessoa
210,1,23,0.386120051145554,21.3478260869565,22.6,16.5,25.625,1.52064095585991,22.6201926031282,0.328437477350235,0.628238808456195,Pessoa
211,1,23,0.563273072242737,21.9565217391304,22.5,18.525,26.3,1.49302193672508,23.1732443987662,0.28579506278038,0.597531504866133,Pessoa
212,1,21,0.519396662712097,19.0380952380952,18.9,17.075,21.575,1.49454680742678,20.2579167911047,0.421061038970947,0.564345903396267,Pessoa
213,1,13,0.568823099136353,14.4076923076923,14.8,12.175,15.625,1.51363668011983,15.666043595687,0.308249890804291,0.633608732762968,Pessoa
214,1,22,0.542367577552795,19.2681818181818,19.6,16,22.1,1.54601253330455,20.5907807606011,0.375725418329239,0.755016604211073,Pessoa
215,1,23,0.395482629537582,18.7608695652174,18.2,15.775,21.55,1.54257873644141,20.0767184757926,0.316140085458755,0.707895674947996,Pessoa
216,1,25,0.750719845294952,20.544,23.1,13.7,24.55,1.55987198567137,21.8936918198038,0.262454718351364,0.827028999029403,Pessoa
217,1,31,0.618521213531494,23.7838709677419,23.2,19.725,29.675,1.57485736728547,25.1625871405529,0.388518989086151,0.741315367969594,Pessoa
218,1,26,0.578102946281433,26.0192307692308,25.75,21.9,30.3,1.61131709783288,27.4674260672823,0.38062384724617,0.765132802840185,Pessoa
219,1,29,0.539488613605499,22.7344827586207,21,15.55,30.4,1.64654673085026,24.2483354449356,0.369287550449371,0.746265641830599,Pessoa
220,1,29,1.33036518096924,22.8,23.4,16.225,28.55,1.68454740893763,24.3831178337901,0.402938395738602,0.706910850291271,Pessoa
221,1,30,1.18953776359558,25.9766666666667,25.95,18.3,34.7,1.73174185312197,27.6436639075399,0.393373250961304,0.769250732115958,Pessoa
222,1,23,0.452887624502182,24.0391304347826,25.9,19.325,29.725,1.76754913455459,25.7682571862986,0.328437477350235,0.779345383976425,Pessoa
223,1,20,0.322995841503143,21.605,21.7,17.7,23.55,1.79356462482111,23.3784820367285,0.364492237567902,0.700222146099322,Pessoa
224,1,24,0.835423469543457,19.5666666666667,19.85,16.35,23.55,1.82190740089537,21.3877455038295,0.329419732093811,0.716679106970196,Pessoa
225,1,20,0.418559074401855,22.01,22.85,18.75,25.45,1.84539147125539,23.8699586787825,0.296834677457809,0.560260145419616,Pessoa
226,1,28,1.31531488895416,19.1785714285714,18.45,15.6,23.25,1.86069495433741,21.0636009364314,0.359889954328537,0.237700803012036,Pessoa
227,1,26,1.29250288009644,21.4730769230769,20,17.1,27.3,1.88985038226547,23.4053046086962,0.388990193605423,0.175890199343218,Pessoa
228,1,33,1.35641753673553,18.3121212121212,17.6,13.625,22.5,1.92532356588151,20.3008022611058,0.497702121734619,0.285456003818492,Pessoa
229,1,36,1.32751989364624,16.7944444444444,16.45,12.65,20.95,1.98396477173988,18.8742067992535,0.570725917816162,0.610911770874608,Pessoa
230,1,34,1.17821002006531,17.5058823529412,17.85,13.8,20.7,2.01434993942351,19.6317854424958,0.413575142621994,0.736793371614251,Pessoa
231,1,34,0.956304848194122,20.2764705882353,19.7,15.9,24.3,2.02661113453554,22.4207958548431,0.364431083202362,0.714471539374981,Pessoa
232,1,32,0.878579914569855,23.175,22.5,20.1,27.1,2.02003653289492,25.309460974699,0.375011831521988,0.734963452320675,Pessoa
233,1,31,1.06710934638977,18.5612903225807,18.5,14.225,23.325,2.0171529220772,20.6914147002057,0.410119593143463,0.746790094584504,Pessoa
234,1,28,1.05707359313965,18.7178571428571,17.85,14.1,22.9,2.00691213073117,20.8325303656338,0.382268220186234,0.613943833872454,Pessoa
235,1,35,1.06064474582672,18.0371428571429,17.7,14.55,20.15,2.00461120565354,20.1483336315621,0.365176677703857,0.655007310980846,Pessoa
236,1,26,0.730174601078033,20.8423076923077,21.1,16.9,25,1.97783909917266,22.9126824890628,0.388990193605423,0.559796474381589,Pessoa
237,1,28,0.941747725009918,20.8,20,16.75,25.3,1.99101512261144,22.890531165259,0.450926840305328,0.316136814854419,Pessoa
238,1,27,0.892327129840851,20.8148148148148,20.2,16.5,24.925,2.0080741765113,22.9312452759071,0.356981664896011,0.1190288585371,Pessoa
239,1,27,0.772419631481171,22.3814814814815,23.1,16.85,27.375,2.00547126325881,24.4939744200244,0.330983638763428,0.184970899455857,Pessoa
240,1,24,0.676314949989319,20.75,22.4,14.1,25.5,2.00718111119071,22.8650800638189,0.344651490449905,0.249664632752203,Pessoa
241,1,23,0.948246955871582,19.0478260869565,19.4,16.95,22.075,2.03823265855337,21.2095098413935,0.391175866127014,0.34323825557802,Pessoa
242,1,19,0.744690537452698,17.3157894736842,17.6,15,19.025,2.03638759046793,19.4747239620648,0.30961474776268,0.304633978188423,Pessoa
243,1,16,0.699564933776855,14.81875,15.1,12.7,16.05,2.06400977338426,17.0185851283557,0.274233371019363,0.125002160606044,Pessoa
244,1,12,0.373861074447632,15.0166666666667,14.65,12.6,16.5,2.04122269884415,17.1828004867339,0.30410099029541,0.187613346661661,Pessoa
245,1,9,0.479028016328812,12.4777777777778,12.9,10.375,13.675,2.04648564152818,14.6517286041438,0.295284599065781,0.146172183970589,Pessoa
246,1,16,0.45690581202507,18.725,17.85,16,21.8,2.03912283344666,20.8880092804434,0.321213901042938,0.151726575875224,Pessoa
247,1,14,0.554733216762543,13.9642857142857,13.65,11.7,15.3,2.0467931951021,16.1386927255789,0.321685880422592,0.277247055117017,Pessoa
248,1,14,0.844254493713379,15.2785714285714,15.25,13.5,17,2.04706942692716,17.4533881077604,0.293657660484314,0.15707180335973,Pessoa
250,1,11,0.574854671955109,14.3090909090909,13.4,12.325,15.475,2.04589492538183,16.4821653517118,0.278713166713715,0.178708368748041,Pessoa
251,1,18,0.613645315170288,16.7722222222222,16.7,14.7,18.2,2.03015282592434,18.9218480587687,0.322497636079788,0.282742080306166,Pessoa
253,1,5,0.552969396114349,12.92,12.3,11.9,13.625,2.00802504254865,15.0363561816148,0.264110565185547,0.433244598749184,Pessoa
255,1,5,0.323332369327545,14.02,14.1,12.325,15.375,1.99681988947591,16.1193688679905,0.323468059301376,0.135547931124767,Pessoa
256,1,6,0.28627473115921,13.6,13.65,13,14.2,2.01737915768913,15.7304648322817,0.290321469306946,0.315184344117023,Pessoa
257,1,8,0.59980320930481,13.4125,13.55,11.45,14.95,2.02735918535618,15.5579455864465,0.305648595094681,0.247403579343628,Pessoa
258,1,6,0.51269394159317,13.0333333333333,13,11.7,14.2,2.01323154573883,15.1575504838604,0.304968595504761,0.37621203022785,Pessoa
259,1,25,0.689368367195129,20.128,19.7,14.825,25.625,2.00965860831453,22.2468247910942,0.352697312831879,0.299684483925701,Pessoa
260,1,25,0.760701060295105,19.58,20.3,13.15,26.225,1.99811513043201,21.6813373540649,0.308286130428314,0.286947512689265,Pessoa
261,1,25,0.727942287921906,23.796,23.4,18.75,28.85,1.96920183575001,25.8530887214246,0.348552584648132,0.359709379194184,Pessoa
262,1,27,0.711771309375763,23.7851851851852,23.8,19.425,30.15,1.93906513637283,25.7954560471106,0.360099524259567,0.369030340197482,Pessoa
263,1,30,0.777613997459412,24.4233333333333,25.35,19.7,30.1,1.90155002045141,26.374296534177,0.422842502593994,0.445371505488164,Pessoa
264,1,28,0.855875670909882,20.5642857142857,21.4,17.05,24.25,1.85658421537191,22.4426011441605,0.322002917528152,0.569285178556771,Pessoa
265,1,31,0.732899487018585,21.7870967741936,22.9,18.475,25.725,1.80318139044175,23.5768122964455,0.40133860707283,0.703113064178538,Pessoa
266,1,30,0.853495180606842,22.7133333333333,21.85,18.7,27.3,1.73879954759625,24.3926774678116,0.374714255332947,0.882464358086648,Pessoa
267,1,29,0.73802661895752,22.5310344827586,22.3,18.775,27.3,1.67739517664785,24.1012358579419,0.365781515836716,0.781871829734542,Pessoa
268,1,33,0.874459445476532,20.3151515151515,20.5,17.65,23.725,1.6116107161004,21.7638999390809,0.430639356374741,0.707008706485187,Pessoa
269,1,32,0.600838780403137,23.659375,23.95,20.5,28.85,1.55771724874667,25.0048705160957,0.50443959236145,0.606275411780573,Pessoa
270,1,27,0.634117960929871,25.2740740740741,25.2,21.125,31.25,1.49160383279371,26.4879119736801,0.358370751142502,0.54217960642647,Pessoa
271,1,24,0.491250514984131,26.2875,24.45,18.75,35,1.4279589497011,27.3689629018414,0.304761350154877,0.538723511659777,Pessoa
272,1,26,0.759265124797821,22.9153846153846,23.2,19.6,26.1,1.37544681915794,23.8831068005193,0.40338009595871,0.56342789504465,Pessoa
273,1,25,0.621426999568939,26.576,27.1,21.825,31.9,1.31277327176081,27.4021461836312,0.39908966422081,0.610850555921996,Pessoa
274,1,19,0.712654113769531,26.0263157894737,27.9,19.825,30.25,1.25651794472213,26.7195049693897,0.466612815856934,0.601789220959717,Pessoa
275,1,8,0.39549058675766,20.9125,21.55,16.05,25.25,1.19254753526325,21.447065137067,0.523483633995056,0.677430517132839,Pessoa
276,1,3,0.129666641354561,21.7,22,19.6,23.725,1.11822021987843,22.0392061135346,0.170482620596886,0.740180602344568,Pessoa
72,15,13,0.843600749969482,18.0923076923077,17,16.25,19.925,5.13968573093461,22.6280829745775,0.214084610342979,0.799145920971055,Carro
73,15,8,0.88618928194046,17.8,17.95,16.4,19.2,5.06766613690078,22.2966750105442,0.157836243510246,0.721113637087617,Carro
74,15,11,0.865084826946259,17.0545454545455,16.1,15.6,18.3,4.99973890075414,21.5138293877361,0.19908082485199,0.862579961260096,Carro
75,15,13,0.65403538942337,16.8692307692308,16.6,15.75,18,4.93160457101681,21.2904957815793,0.192065969109535,1.00168973272063,Carro
76,15,14,1.10521900653839,17.1285714285714,17.45,15.7,18.1,4.8504932188298,21.5038854818137,0.187010705471039,1.07284308958253,Carro
77,15,8,0.555693507194519,17.125,16.75,15.8,18.3,4.77895908870841,21.4591465348142,0.208797737956047,1.03218461637003,Carro
78,15,17,0.667198956012726,20.5411764705882,21.1,17.075,24.05,4.69900879342794,24.8285763949372,0.230680242180824,1.25970795738564,Carro
79,15,14,0.705923855304718,17.8428571428571,17.25,15.8,19.1,4.6196973391457,22.0830914231389,0.227466255426407,1.2409801049886,Carro
80,15,6,0.656506776809692,17.05,17.35,15.8,17.9,4.54473690732445,21.2449058070274,0.161734029650688,1.5723311095857,Carro
81,15,15,1.30974948406219,18.7,18.8,16.15,20.75,4.46248300149583,22.8442985472719,0.228726446628571,1.72681148619326,Carro
82,15,16,0.500975847244263,18.45625,18.05,16.2,20.7,4.3762149310582,22.5464593458743,0.238066047430038,1.38478238282563,Carro
83,15,9,0.852220356464386,17.0777777777778,16.8,16.175,17.7,4.30622338776654,21.1233138008661,0.155628636479378,1.33645851728733,Carro
84,15,20,1.83737599849701,17.54,17.3,16.05,18.05,4.24249738529977,21.5442257016395,0.242364481091499,1.42837799485813,Carro
85,15,12,1.69830107688904,17.85,17.85,16.1,19.35,4.16337318431073,21.8020612733757,0.234149307012558,1.39094102374158,Carro
86,15,12,1.1247307062149,17.8833333333333,17.15,16,20.25,4.08579303975505,21.7832765373248,0.246517509222031,1.31011925283355,Carro
87,15,19,1.3182076215744,20.4263157894737,20.9,18.025,22.275,4.01781847428324,24.2797739759344,0.300420373678207,1.11367820184046,Carro
88,15,21,0.974712133407593,19.7,18.6,16.675,22.55,3.94026627754255,23.4994531481821,0.274138778448105,1.02823662846205,Carro
89,15,17,2.00095748901367,17.6882352941176,16.9,15.6,20.3,3.87838025119307,21.4438247613766,0.232065692543983,1.06621780564405,Carro
90,15,27,2.06510281562805,18.1851851851852,17.6,16.2,19.375,3.81860264825292,21.8977357000238,0.317577868700027,1.13292440666813,Carro
91,15,23,1.8102787733078,18.9782608695652,18.5,17.175,20.875,3.764685197694,22.6514097613741,0.291762173175812,0.929899295960517,Carro
92,15,22,2.25741767883301,18.8727272727273,17.95,16.3,20.7,3.71687533305461,22.5104628792883,0.256276875734329,0.997469958204487,Carro
93,15,25,2.18983626365662,20.08,19.5,17.65,22.525,3.65984293336712,23.6748904151509,0.346041917800903,1.09730046556163,Carro
94,15,26,2.3852391242981,20.7,20.3,17.7,24,3.60364069653466,24.2520106604977,0.385700166225433,1.10104216733737,Carro
95,15,30,2.00175213813782,20.2266666666667,19.3,16.7,23.9,3.55415991559041,23.7403685003075,0.385654240846634,0.868684289651028,Carro
96,15,26,1.70236957073212,21.8576923076923,21.75,18.3,25.8,3.5023673328782,25.3307199122921,0.382030963897705,0.828753262011782,Carro
97,15,35,1.79868650436401,21.8342857142857,20.8,17.55,26.175,3.4575697706648,25.2716443915157,0.355002492666245,0.884518373456459,Carro
98,15,28,1.84468984603882,23.4035714285714,23.55,18.05,27.95,3.39992358229705,26.7943446426955,0.325742065906525,1.14002543511266,Carro
99,15,32,1.8013631105423,22.378125,22.35,18.25,25.8,3.36477522042727,25.7401046438698,0.351667314767838,0.978772619845406,Carro
100,15,27,1.78394389152527,23.2407407407407,21,18.025,27.95,3.33130668833784,26.5750219956471,0.350662976503372,0.957408771719717,Carro
101,15,24,1.98635447025299,23.0416666666667,22.6,18.4,26.75,3.29355325217161,26.3443673874092,0.351683616638184,1.08002526178938,Carro
102,15,23,1.70449113845825,22.9434782608696,21.9,18.75,27.35,3.25782340190421,26.2159559574007,0.332608222961426,1.01052424338156,Carro
103,15,23,1.63666594028473,20.6739130434783,20.4,19.025,22.4,3.22661406956557,23.9197190515154,0.338768184185028,0.852479714682583,Carro
104,15,21,2.01886248588562,19.3857142857143,18.7,17.725,21.375,3.2202984507204,22.626091551039,0.352932661771774,0.46519884090432,Carro
105,15,23,1.48363280296326,21.8434782608696,22.1,18.275,25.075,3.21743655121035,25.0813920050234,0.319393664598465,0.247138559539432,Carro
106,15,21,1.63392210006714,23.8285714285714,24.3,21.35,26.4,3.20259491016664,27.0536742466049,0.32792991399765,0.244850657845186,Carro
107,15,20,2.45230269432068,20.19,19.8,17.55,22.7,3.19871738010279,23.4117460510289,0.441889584064484,0.557230697476649,Carro
108,15,18,2.41197490692139,19.2944444444444,19,17.5,21,3.18580452565843,22.5049824611546,0.322497576475143,0.51310113307396,Carro
109,15,20,2.82753443717957,17.77,17.2,16.65,18.65,3.17313735535371,20.9694990019518,0.378391444683075,0.241441570008454,Carro
110,15,23,2.82451176643372,19.8391304347826,18.8,17.6,22.5,3.17337521209098,23.0388371265969,0.40757167339325,0.194241454721014,Carro
111,15,25,2.34949207305908,22.92,21.6,19.225,26.375,3.16333995580365,26.1109306308639,0.405949205160141,0.281452949449192,Carro
112,15,18,1.9340010881424,18.2333333333333,18.1,17.2,18.9,3.1506672776782,21.4131415542522,0.368671268224716,0.23540405068557,Carro
113,15,22,2.24791669845581,19.0954545454545,18.05,16.5,20,3.14717654225038,22.2721911987758,0.39435139298439,0.302679777040917,Carro
114,15,18,2.37954831123352,18.95,19.5,17.4,20.2,3.13578605983934,22.1166901922776,0.390807121992111,0.354848007344862,Carro
115,15,20,1.36852467060089,20.81,20.4,17.95,22.5,3.12467212717812,23.9668524127891,0.315931975841522,0.326215247777291,Carro
116,15,21,2.03426671028137,20.6142857142857,20.5,18.025,23.025,3.11659966260168,23.7639706175212,0.402920603752136,0.326257087041492,Carro
117,15,20,2.13359069824219,20.095,19.3,18,22.5,3.114251278525,23.2425962960329,0.269272804260254,0.42681458651543,Carro
118,15,21,1.59145760536194,18.9476190476191,18.5,17.25,20.75,3.11946836013237,22.0998531803343,0.357026427984238,0.297091469489105,Carro
119,15,26,1.93341875076294,20.2923076923077,20,16.8,23.9,3.10933883717414,23.435529860499,0.334878474473953,0.388663611993102,Carro
120,15,18,1.90348947048187,20.9277777777778,20.65,18.2,23.4,3.12582038636966,24.0856482208141,0.385299950838089,0.635106919316185,Carro
121,15,22,1.52857112884521,19.5954545454545,19.6,17.3,21.9,3.14651900665799,22.7716122388248,0.380963176488876,1.03234418913136,Carro
122,15,12,1.91888761520386,17.475,17.9,16.5,18.45,3.16827498868136,20.6702499036047,0.265855520963669,1.27728621553504,Carro
123,15,14,2.04066896438599,19.5642857142857,19.7,16.8,20.8,3.20621503113637,22.7925187945606,0.322429656982422,1.64596483328349,Carro
124,15,14,1.62091553211212,17.8928571428571,17.25,16.2,19.6,3.21902355563357,21.1321372498747,0.319444119930267,1.76348860734104,Carro
125,15,10,1.58289790153503,18.34,18.3,17.4,19.1,3.2597979789203,21.6141565776639,0.27134782075882,1.88451437700957,Carro
126,15,6,1.01167500019073,17.3,17.15,15.3,18.8,3.29657911864306,20.6052451515032,0.186754390597343,1.97003968803999,Carro
127,15,13,1.318359375,19.1923076923077,19.1,17.7,20.6,3.30224485083177,22.5023108454939,0.304601848125458,1.6007656902476,Carro
128,15,9,1.26468443870544,18.0777777777778,17.6,16.825,19.675,3.32611545783102,21.4077378831972,0.25572395324707,1.53368830241109,Carro
129,15,3,0.281115174293518,16.0333333333333,15.8,15.35,16.775,3.35213689155139,19.3848860705664,0.170482635498047,1.34349015219139,Carro
130,15,8,0.589815974235535,17.1125,16.65,15.75,18.65,3.35354423680137,20.4652157721298,0.189239010214806,0.961446365645091,Carro
131,15,11,1.18136835098267,17.7181818181818,17.4,16.275,19.175,3.35939969822145,21.0757313293436,0.228726461529732,0.691743208587202,Carro
132,15,15,0.787826240062714,18.2666666666667,19.2,16.025,20.425,3.32886567547493,21.5989168762993,0.228726461529732,0.324699163264266,Carro
133,15,15,1.04190897941589,17.5533333333333,16.8,15.7,19.275,3.33044710454782,20.8868995411766,0.223214164376259,0.135442525575765,Carro
134,15,6,0.588076233863831,16.95,16.2,15.3,18.5,3.33366004717318,20.2862379590743,0.15248429775238,0.150822972356264,Carro
135,15,9,0.652475416660309,17.4444444444444,16.5,15.65,19.325,3.33766620709884,20.784010156953,0.208797752857208,0.451175938670256,Carro
136,15,3,0.9122074842453,15.8333333333333,15.3,15.15,16.65,3.35553386556934,19.187692508944,0.170482635498047,0.57159371661963,Carro
137,15,3,0.128828302025795,17.2,17.2,16.45,17.95,3.36785550763905,20.5645150143761,0,0.741265546160198,Carro
138,15,4,0.239412605762482,16.95,17,15.95,17.95,3.38063839588384,20.3250118316529,0.14764229953289,0.757432496131449,Carro
140,15,4,0.148970231413841,17.875,17.3,17,18.75,3.41237487415307,21.2759019726053,0.14764229953289,0.780565760754398,Carro
232,15,4,0.323208630084991,16.25,15.95,15.35,17.15,3.32603792078814,19.5798955129385,0,0.636959988718146,Carro
233,15,3,0.416536897420883,15.8666666666667,15.9,15.3,16.425,3.28837866668459,19.1650106914237,0,0.653148644317545,Carro
234,15,6,0.975192725658417,16.75,16.9,15.4,17.6,3.28423722739584,20.0448522349758,0.186754390597343,0.317723234200637,Carro
235,15,6,0.671425461769104,17.1,17.05,15.2,18.3,3.2470245502371,20.3632779510829,0,0.35012422194504,Carro
236,15,4,0.178537949919701,17.45,17.5,16.55,18.35,3.21702742883509,20.6875613928813,0.340965300798416,0.41157565770879,Carro
239,15,11,0.515305995941162,19.6454545454546,19.7,17.175,21.775,3.22765796928835,22.8921568392699,0.245443344116211,0.389290161248276,Carro
240,15,3,0.267249435186386,17.3333333333333,16.6,16.225,18.625,3.19613295927838,20.5528397977841,0.170482635498047,0.458653196200973,Carro
242,15,9,0.421058684587479,19.7,19.1,17.55,21.5,3.18469497942504,22.9095728398368,0.23083458840847,0.55348725529127,Carro
243,15,6,1.53649485111237,17.5,17.4,15.7,19.3,3.18590923732951,20.7106290863918,0.22228217124939,0.376090651153924,Carro
244,15,6,1.54446661472321,17.6166666666667,17.35,16.3,18.8,3.20040610746194,20.8398751441822,0.22228217124939,0.131293432025406,Carro
245,15,19,1.81044626235962,18.4894736842105,18.1,17.1,19.975,3.22316401027646,21.7323154286985,0.284735262393951,0.270873292865654,Carro
246,15,8,1.74976623058319,18.0625,18.3,16.2,19.25,3.22558602481912,21.3074230517969,0.35071986913681,0.39459944026552,Carro
247,15,12,1.68185555934906,21.025,21.8,17.65,24.15,3.22945603581806,24.2732454230517,0.319977670907974,0.185830654255784,Carro
248,15,14,2.12090992927551,16.7071428571429,16.3,15.6,17.2,3.23455138381136,19.9597565261093,0.300112456083298,0.698018286546525,Carro
249,15,17,1.96458780765533,19.5176470588235,19.3,17.275,21.3,3.23196296492542,22.7680425348269,0.315236985683441,0.392028887653386,Carro
250,15,19,2.14246225357056,18.6526315789474,18.7,16.725,20.225,3.24294091017171,21.9124226250435,0.359172433614731,0.954143044975523,Carro
251,15,15,1.87469840049744,19.9266666666667,19.7,17.925,22.3,3.24461533913599,23.1878879911852,0.31303083896637,0.952523723836518,Carro
252,15,19,2.30408573150635,19.9947368421053,19.8,18.05,21.825,3.23974128216455,23.2517927468256,0.379870891571045,1.09498802252438,Carro
253,15,25,2.16009855270386,21.024,20.8,18.825,23.1,3.23847334171345,24.2799712824526,0.362451046705246,1.53828025873091,Carro
254,15,22,2.19856214523315,20.0545454545455,20,17.5,22.9,3.25105238870786,23.3212583700073,0.335384458303452,1.55010584989665,Carro
255,15,22,2.28267765045166,19.7727272727273,19.8,18.1,21.4,3.27686631571577,23.0613539324914,0.379971086978912,1.46785676370596,Carro
256,15,25,2.12275624275208,19.652,19.8,17.425,21.325,3.29301429339025,22.9542472686722,0.305920153856277,1.60995601306051,Carro
257,15,19,1.96003258228302,20.8,19.3,17.3,25.125,3.31385266368741,24.1197257870496,0.381878972053528,1.1746408344056,Carro
258,15,20,1.81758260726929,19.34,19.65,17.35,21.45,3.31714969328713,22.6624811491809,0.291766852140427,1.2648788913886,Carro
259,15,15,1.79054439067841,18.5066666666667,18.9,16.5,20.45,3.32340687795658,21.8343694880626,0.288168251514435,1.23568347979377,Carro
260,15,13,1.84734964370728,20.3307692307692,19.7,18.35,21.575,3.35529311720942,23.6849296036787,0.315419495105743,1.05266099664419,Carro
261,15,21,1.95477294921875,20.2380952380952,18.9,16.925,22.875,3.36469740951942,23.6000108061061,0.264110565185547,0.85752037940178,Carro
262,15,25,2.00612688064575,19.372,19.5,17.1,21.35,3.3947882124421,22.7585849336663,0.311101615428925,0.846898567219945,Carro
263,15,18,2.07905125617981,21.2666666666667,20.1,18.4,24.3,3.42406816018831,24.6770471866054,0.324259907007217,0.73339017165376,Carro
264,15,24,2.27907156944275,22.9708333333333,22.9,18,26.7,3.44618533234399,26.3990537905375,0.382658272981644,0.43879101389722,Carro
265,15,24,2.50801753997803,19.9958333333333,20.1,16.9,22.35,3.46880919903893,23.4421843634394,0.382658272981644,0.454651442441721,Carro
266,15,18,1.88761222362518,19.6722222222222,19.35,17.8,22.8,3.49649109736332,23.140597105162,0.329057574272156,0.414487196699429,Carro
267,15,19,1.28701376914978,24.2684210526316,23.9,21.475,26.175,3.50154094886096,27.740794809763,0.331102102994919,0.517314422163216,Carro
268,15,17,0.850680828094482,23.7294117647059,24.7,19.2,27.3,3.51837557563193,27.2150749827078,0.244181543588638,0.574418833792126,Carro
269,15,22,1.07261991500854,24.1772727272727,23.9,20.4,27.3,3.5360567997438,27.6768254304767,0.32276713848114,0.49700275124162,Carro
270,15,24,1.66501581668854,23.0291666666667,23.35,18.65,26.3,3.52825532828569,26.5225995053721,0.369426548480988,0.681053066263806,Carro
271,15,22,1.45573902130127,24.6,24.6,21.7,28.2,3.54230483004069,28.1044442417313,0.320714086294174,0.5867678845849,Carro
272,15,20,1.67085838317871,22.205,22.4,20.5,23.95,3.57207005785014,25.7326293956913,0.31006732583046,0.490010946566097,Carro
273,15,18,1.69060695171356,23.8611111111111,22.45,18.9,28.8,3.59022888135589,27.4027903403861,0.323820233345032,0.502743228078696,Carro
274,15,24,1.54606544971466,25.575,25.25,19,31.9,3.58455322722892,29.1122955145766,0.311679899692535,0.464937886123618,Carro
275,15,28,1.95531642436981,25.3607142857143,24.8,19.45,31.1,3.58480236860799,28.8982023756552,0.316220074892044,0.325060865339313,Carro
276,15,25,1.8206422328949,23.276,22.9,18.625,27.8,3.60605145149053,26.8298636431321,0.331456124782562,0.314120469749659,Carro
277,15,29,2.3088641166687,22.2620689655172,20.6,16.15,29.125,3.6126936941848,25.8210316453581,0.312939345836639,0.218364273353419,Carro
278,15,19,1.27825772762299,23.5421052631579,21.8,19.575,28.575,3.61557535467184,27.103277186117,0.269083380699158,0.18029654910966,Carro
278,16,5,0.0853232592344284,18.16,16.7,16.025,20.85,3.95883672809857,21.9724812291618,0.247052818536758,0.937461964839747,Carro
279,15,25,1.76379334926605,21.408,20.1,17.45,24.8,3.63839109770419,24.9866018468976,0.32881498336792,0.480126816107101,Carro
280,15,27,1.35496759414673,21.6111111111111,21.7,19.275,24,3.66031413149929,25.2063582386131,0.330983608961105,0.745111499146849,Carro
280,16,6,0.18863445520401,16.9166666666667,16.85,16,17.2,4.14268657830721,20.8549263197487,0.22228217124939,1.11655836275943,Carro
281,15,23,1.35767364501953,18.6304347826087,18.8,17.325,19.8,3.71790082553255,22.2689347520178,0.301063686609268,0.851742725183716,Carro
282,15,20,0.720416069030762,21.975,22.35,18.7,24.85,3.73100182638469,25.6232464452309,0.3070929646492,1.07393427241818,Carro
283,15,19,1.31852948665619,21.3315789473684,21,19.225,23.75,3.75655520384347,24.9987377139502,0.314516574144363,1.30034534304053,Carro
284,15,15,1.05137991905212,19.7733333333333,20.2,18.15,21.25,3.80169695708912,23.473589752671,0.331080108880997,1.38181489520353,Carro
285,15,24,1.93603646755219,21.4916666666667,21.4,18.1,23.5,3.85444800431791,25.230105448479,0.335124403238297,1.46889467902581,Carro
286,15,18,1.04718613624573,19.8111111111111,19.5,17.3,22.5,3.8985039978208,23.5810402484909,0.290909796953201,1.59000845926679,Carro
287,15,16,1.89373457431793,16.66875,16,15.7,17.8,4.00257813342543,20.5116780416393,0.241098836064339,1.85885391791435,Carro
288,15,21,1.27783381938934,19.3,18.8,17.1,21.7,4.06980846731233,23.189081935027,0.311701625585556,1.61517383758724,Carro
289,15,15,1.03825438022614,17.62,17.2,15.875,18.875,4.13228425172433,21.5512934003349,0.283812820911407,1.61485719000972,Carro
290,15,22,1.06212496757507,18.5818181818182,18.75,16.1,19.9,4.18239537092176,22.5465102255426,0.234753027558327,1.34777309394939,Carro
291,15,8,1.67261290550232,16.475,15.9,15.65,17.25,4.24046143548839,20.4778956922618,0.273380398750305,1.36478324914355,Carro
292,15,19,1.58402490615845,21.1631578947368,21.7,17.775,24.225,4.30231579567117,25.2061784731068,0.220092117786407,1.21577679193717,Carro
293,15,15,0.506577253341675,17.2133333333333,17.3,16.025,18.325,4.35108012135618,21.2875827070606,0.235875859856606,1.17638652973915,Carro
294,15,5,1.20362234115601,15.82,15.3,15.2,16.25,4.41786073646855,19.9364526975165,0.264110565185547,1.14417554336023,Carro
295,15,13,0.832037210464478,20.8,21,17.975,23.275,4.46802596207095,24.947738089299,0.236416891217232,0.930909736368914,Carro
296,15,22,0.886632263660431,18.8772727272727,18.8,16,21.7,4.50768462873303,23.049496209626,0.26246190071106,0.793421598237985,Carro
297,15,13,0.895841419696808,16.5230769230769,16.2,15.975,17,4.58079790986048,20.7398813485318,0.192065984010696,0.57629915473963,Carro
298,15,14,0.820519089698792,17.1071428571429,16.3,16,19.1,4.64210587350317,21.3607848205102,0.23164027929306,0.583277487308134,Carro
299,15,20,0.62659627199173,18.07,18.35,16.35,19.5,4.68784667567668,22.3508102848069,0.234668403863907,0.65817048932969,Carro
300,15,11,0.68121349811554,17.0454545454545,16.4,15.9,18.55,4.74155181328857,21.3578273397445,0.206890866160393,0.655827554053171,Carro
301,15,17,0.886330485343933,18.1235294117647,18.6,16.15,19.3,4.79083596222984,22.4645535115752,0.220738530158997,0.67909679213511,Carro
302,15,18,0.528058230876923,19.8555555555556,19.7,18.6,21.1,4.84343950445496,24.2268373079156,0.248088672757149,0.70388073135842,Carro
303,15,12,0.542678594589233,17.1333333333333,17.15,15.5,18.3,4.90070178787313,21.5371811348862,0.251819521188736,0.739776870318168,Carro
304,15,10,0.8789342045784,16.64,16.4,15.1,17.4,4.9582136666217,21.0761750190168,0.199301913380623,0.665971196317472,Carro
305,15,13,0.735359609127045,17.0461538461538,17,16.25,18.075,5.02234509402729,21.5179376385223,0.214084580540657,0.708975392157694,Carro
306,15,8,0.845010876655579,15.6125,15.6,15.25,15.85,5.06476344703054,20.1075874801801,0.157836258411407,0.738065713418224,Carro
307,15,17,0.856016278266907,19.2294117647059,19.5,16.8,20.35,5.10896324866046,23.7485748921426,0.220738545060158,0.511463273414646,Carro
308,15,13,0.393770277500153,18.6538461538462,18.4,16.25,20.3,5.14223020865875,23.1909928217597,0.2410988509655,0.529183231287308,Carro
309,15,6,0.576609671115875,16.6666666666667,16.3,15.6,17.6,5.17406152611191,21.2209122026998,0.186754390597343,0.537257723843074,Carro
310,15,3,0.0844726711511612,16.4666666666667,16.2,15.45,17.55,5.19487300111962,21.0320347509511,0.170482635498047,0.511725431244542,Carro
